epoch,train_dro_loss,train_worst_group_loss,q0,q1,q2,q3,val_worst_group_loss,val_group0_loss,val_group1_loss,val_group2_loss,val_group3_loss
1,0.7065374386865039,1.3163362311762432,0.21167674660682678,0.26836106181144714,0.253089964389801,0.2668721377849579,1.0000475645065308,0.4816170632839203,1.0000475645065308,0.9488572478294373,0.5119581818580627
2,0.5979559366093126,0.9628741865934327,0.19436661899089813,0.26850566267967224,0.27644363045692444,0.2606840431690216,0.9568368792533875,0.4567168951034546,0.9568368792533875,0.7572674751281738,0.5826333165168762
3,0.5869004400663598,0.858695314374081,0.18306972086429596,0.26777639985084534,0.28651970624923706,0.26263418793678284,0.8820624351501465,0.5179386138916016,0.8820624351501465,0.6721869111061096,0.6244145035743713
4,0.5497925406278565,0.7878664648810099,0.17700226604938507,0.2563837170600891,0.298092246055603,0.2685217261314392,0.8404200673103333,0.5247567296028137,0.8404200673103333,0.6272531747817993,0.6520423889160156
5,0.5581730458625528,0.7749194184014964,0.17357322573661804,0.24675430357456207,0.30436021089553833,0.27531224489212036,0.8132029175758362,0.5426322817802429,0.8132029175758362,0.5706737637519836,0.7060375809669495
6,0.5556174967178079,0.7440523345803105,0.17292307317256927,0.2343461662530899,0.30815842747688293,0.2845723628997803,0.7881917953491211,0.5457753539085388,0.7881917953491211,0.561154842376709,0.7104693055152893
7,0.5444746717464092,0.7628402003022128,0.16976423561573029,0.22380074858665466,0.3098967969417572,0.29653823375701904,0.7316157221794128,0.6044222116470337,0.7316157221794128,0.651715874671936,0.6083800196647644
8,0.5421065293079199,0.7402271018471829,0.16716736555099487,0.21109768748283386,0.31443002820014954,0.3073050081729889,0.8237165212631226,0.5209128260612488,0.8237165212631226,0.5911672115325928,0.6702976226806641
9,0.5566537054472191,0.7576651240504065,0.16409040987491608,0.2023908793926239,0.3193586468696594,0.3141600787639618,0.7719793915748596,0.577677309513092,0.7719793915748596,0.6194446682929993,0.6416401267051697
10,0.5263638995414557,0.7412312890208045,0.16067034006118774,0.1861029863357544,0.3229803144931793,0.33024635910987854,0.8904972672462463,0.47578251361846924,0.8904972672462463,0.6046978831291199,0.6590731739997864
11,0.5326302578282911,0.7276443353919095,0.15549586713314056,0.1748444139957428,0.33105191588401794,0.33860790729522705,0.873645007610321,0.48376452922821045,0.873645007610321,0.6127814650535583,0.6488199830055237
12,0.5530587136745453,0.7786975766337195,0.14871318638324738,0.1687295138835907,0.3369796872138977,0.345577597618103,0.8421710133552551,0.5222361087799072,0.8421710133552551,0.6341992020606995,0.6252056956291199
13,0.5492190968158633,0.7324300422224888,0.14415514469146729,0.1599864363670349,0.34469589591026306,0.35116246342658997,0.8857923150062561,0.47813957929611206,0.8857923150062561,0.5984258055686951,0.6584756970405579
14,0.5415211167446402,0.7352059462735819,0.1387062966823578,0.15090270340442657,0.35114750266075134,0.3592434525489807,0.8858367800712585,0.4715700149536133,0.8858367800712585,0.6090497374534607,0.644666314125061
15,0.5426765306051388,0.7341296977775041,0.13305078446865082,0.14198797941207886,0.35778698325157166,0.3671742379665375,0.9449977278709412,0.4523448050022125,0.9449977278709412,0.5936760306358337,0.6604596972465515
16,0.5553528985311819,0.7855271419813467,0.1263485699892044,0.13768573105335236,0.3627079725265503,0.37325775623321533,0.9306362867355347,0.475609689950943,0.9306362867355347,0.5911338329315186,0.6656369566917419
17,0.5454753581867662,0.7249140392902286,0.12113520503044128,0.12858782708644867,0.3682045340538025,0.38207244873046875,0.948426365852356,0.45291203260421753,0.948426365852356,0.6186991930007935,0.6336303949356079
18,0.5527493156665979,0.7616900857104811,0.11476743221282959,0.1228264644742012,0.3755790591239929,0.3868269920349121,0.9266151785850525,0.47094255685806274,0.9266151785850525,0.5985884666442871,0.6500940322875977
19,0.5489190498063731,0.7480187353699707,0.10853374749422073,0.11629797518253326,0.3794115483760834,0.39575669169425964,0.9377500414848328,0.45797374844551086,0.9377500414848328,0.6436212062835693,0.6130905747413635
20,0.5455874585828115,0.74657445730165,0.10201258957386017,0.10934029519557953,0.38475075364112854,0.40389639139175415,0.9342478513717651,0.4629880487918854,0.9342478513717651,0.6523460149765015,0.599384605884552
21,0.5406906715659208,0.7195611762446027,0.09693839401006699,0.1009407490491867,0.39446842670440674,0.40765243768692017,1.0231951475143433,0.4227985441684723,1.0231951475143433,0.6181907653808594,0.6313537955284119
22,0.5576514275961144,0.8051013475240663,0.09104141592979431,0.09828126430511475,0.3991931974887848,0.41148415207862854,0.9856451153755188,0.4538883864879608,0.9856451153755188,0.620369553565979,0.6285580992698669
23,0.5498142249362413,0.7560041602267775,0.08592576533555984,0.0928417444229126,0.4063549041748047,0.4148775339126587,1.0414294004440308,0.4274841248989105,1.0414294004440308,0.5835121870040894,0.6682531833648682
24,0.5494069595669591,0.787954487772875,0.08026666194200516,0.08795787394046783,0.4107867181301117,0.4209887683391571,1.015146017074585,0.4229542911052704,1.015146017074585,0.5968086123466492,0.6547768712043762
25,0.5495579575383386,0.753206214239431,0.07562082260847092,0.08316223323345184,0.4143877625465393,0.42682918906211853,0.9476948976516724,0.4786653518676758,0.9476948976516724,0.6603373289108276,0.594168484210968
26,0.5547797014546949,0.7820815166761709,0.07149781286716461,0.08002976328134537,0.4204137325286865,0.4280587136745453,0.9593673348426819,0.4605996608734131,0.9593673348426819,0.6031351685523987,0.6448352336883545
27,0.5556335123472436,0.739559450121813,0.06788789480924606,0.07607793807983398,0.4237452447414398,0.4322889745235443,0.9779434204101562,0.4577743411064148,0.9779434204101562,0.5954650044441223,0.65647953748703
28,0.5552323363548102,0.7572984175626621,0.06450973451137543,0.07206903398036957,0.42565688490867615,0.43776434659957886,0.9243091940879822,0.5052458047866821,0.9243091940879822,0.6499468088150024,0.5973392724990845
29,0.5567644876103068,0.737964415273001,0.061416395008563995,0.06731274724006653,0.43027567863464355,0.44099512696266174,0.9520330429077148,0.4690282940864563,0.9520330429077148,0.6412377953529358,0.6102705597877502
30,0.5546836589657983,0.7287208645842796,0.05805147439241409,0.062372785061597824,0.437356173992157,0.4422195851802826,1.0013755559921265,0.4438353180885315,1.0013755559921265,0.6095457673072815,0.6400404572486877
31,0.5525621037150539,0.7312658131122589,0.05451471731066704,0.05840829759836197,0.43865835666656494,0.44841858744621277,0.9892335534095764,0.45122161507606506,0.9892335534095764,0.652969241142273,0.5949380397796631
32,0.5553040837132653,0.7518204263476438,0.051162347197532654,0.05581962317228317,0.44219791889190674,0.45082008838653564,0.968372642993927,0.4674147069454193,0.968372642993927,0.6582664251327515,0.5952501893043518
33,0.557925456485083,0.7565118414024974,0.04824633151292801,0.053137604147195816,0.4452115595340729,0.4534044861793518,0.9422522783279419,0.4989531338214874,0.9422522783279419,0.6471695303916931,0.6072472929954529
34,0.5548305282759112,0.7206201608790908,0.04595475643873215,0.04925597831606865,0.44654083251953125,0.458248496055603,0.9935126900672913,0.4622538089752197,0.9935126900672913,0.6106970906257629,0.6356170177459717
35,0.5576233406399571,0.7397467313810836,0.04359200596809387,0.047191422432661057,0.45024898648262024,0.45896756649017334,0.9848621487617493,0.4673154354095459,0.9848621487617493,0.6181445717811584,0.6303191184997559
36,0.5603235287721767,0.7517922728560692,0.04148988798260689,0.04510931670665741,0.45188283920288086,0.46151798963546753,0.9663055539131165,0.4999343752861023,0.9663055539131165,0.63453209400177,0.6157379150390625
37,0.5607941545719324,0.7416612339574237,0.03911800682544708,0.04195515438914299,0.455405592918396,0.46352124214172363,0.9581642150878906,0.4839673638343811,0.9581642150878906,0.6687820553779602,0.5857202410697937
38,0.5536050567793291,0.7434209793112999,0.037019237875938416,0.03987080231308937,0.4549225866794586,0.4681873917579651,1.0048032999038696,0.47401535511016846,1.0048032999038696,0.6286258101463318,0.6236445307731628
39,0.5582613425199375,0.7318779542002567,0.03528589755296707,0.03775430843234062,0.4594663679599762,0.46749347448349,0.9871863126754761,0.47643667459487915,0.9871863126754761,0.6454849243164062,0.6098451614379883
40,0.563182566748109,0.779636986033861,0.03318896144628525,0.036613233387470245,0.4597657322883606,0.4704321026802063,0.9723467826843262,0.49663111567497253,0.9723467826843262,0.6334401369094849,0.6176649928092957
41,0.5588965554570042,0.7291468880897345,0.03181085363030434,0.03387691453099251,0.46173033118247986,0.4725818932056427,0.997435986995697,0.47909075021743774,0.997435986995697,0.6205750703811646,0.6330738067626953
42,0.5535564436468967,0.7349171804827314,0.030122412368655205,0.03181535005569458,0.4629923105239868,0.47506996989250183,1.0382065773010254,0.4681093394756317,1.0382065773010254,0.5899630784988403,0.6659042835235596
43,0.5559378758419392,0.7476722216883371,0.02863937057554722,0.03031754307448864,0.4646800458431244,0.47636300325393677,1.033805251121521,0.47004184126853943,1.033805251121521,0.617737352848053,0.6334424018859863
44,0.5569290740545406,0.7426089720670567,0.027276599779725075,0.028718534857034683,0.4667745530605316,0.47723037004470825,0.994901180267334,0.4950687885284424,0.994901180267334,0.6610745787620544,0.5947120189666748
45,0.5577381232450175,0.720335029585417,0.025837110355496407,0.02667045220732689,0.4693507254123688,0.478141725063324,1.065409541130066,0.4411366283893585,1.065409541130066,0.5951896905899048,0.6605139374732971
46,0.5545743495918983,0.7213970256406207,0.02463688515126705,0.025115979835391045,0.4692434072494507,0.48100370168685913,0.9810065031051636,0.515465259552002,0.9810065031051636,0.6812119483947754,0.5779948830604553
47,0.558814368275709,0.7205004983170088,0.02331717684864998,0.02304992452263832,0.46984151005744934,0.48379141092300415,1.0697296857833862,0.4465075433254242,1.0697296857833862,0.6099410653114319,0.6384830474853516
48,0.5652933931627939,0.754870337109233,0.021987508982419968,0.021651173010468483,0.4701758325099945,0.4861854910850525,1.0619536638259888,0.4380139410495758,1.0619536638259888,0.626379668712616,0.6297932863235474
49,0.5651850118193515,0.7674575967844143,0.02060087025165558,0.0205835048109293,0.4721229672431946,0.4866926670074463,1.0465298891067505,0.46214407682418823,1.0465298891067505,0.637382447719574,0.6156038045883179
50,0.5560349288374878,0.6896932762722636,0.019590767100453377,0.018827255815267563,0.4744108021259308,0.4871712028980255,1.133358359336853,0.4125951826572418,1.133358359336853,0.5929512977600098,0.6639078259468079
51,0.5582639886889347,0.7729799470236135,0.018331924453377724,0.018305396661162376,0.47517699003219604,0.4881856441497803,1.0964828729629517,0.4430352449417114,1.0964828729629517,0.6318594217300415,0.615966796875
52,0.5554233782513197,0.7509975045226341,0.017227578908205032,0.017364230006933212,0.4768102169036865,0.4885979890823364,1.1092709302902222,0.4309875965118408,1.1092709302902222,0.592648983001709,0.660499095916748
53,0.5598340006761773,0.7664984714153201,0.016212936490774155,0.016774434596300125,0.476997971534729,0.4900146424770355,1.1051685810089111,0.44406071305274963,1.1051685810089111,0.6329636573791504,0.6268796920776367
54,0.5538297635178233,0.7157640720522681,0.015220357105135918,0.0155479172244668,0.48008766770362854,0.48914411664009094,1.146250605583191,0.41760218143463135,1.146250605583191,0.5870852470397949,0.6646173596382141
55,0.55472013215686,0.7711301536061043,0.014221294783055782,0.014898903667926788,0.4810945987701416,0.4897851347923279,1.081890344619751,0.4603593051433563,1.081890344619751,0.6388952136039734,0.6139575242996216
56,0.5583915571833766,0.7791353096795637,0.013455146923661232,0.014528859406709671,0.480814129114151,0.49120184779167175,1.0419375896453857,0.4756132662296295,1.0419375896453857,0.6451881527900696,0.6163553595542908
57,0.5566567348879438,0.7690406732780989,0.012647537514567375,0.014074704609811306,0.48059651255607605,0.49268123507499695,1.0677565336227417,0.4610438644886017,1.0677565336227417,0.6316040754318237,0.6218465566635132
58,0.5582997916742812,0.7489802788856418,0.011970125138759613,0.013393400236964226,0.4823133051395416,0.4923231899738312,1.0318139791488647,0.49362170696258545,1.0318139791488647,0.6346026062965393,0.6173844337463379
59,0.5559028463308201,0.724600879951965,0.01142167393118143,0.012690253555774689,0.48301032185554504,0.4928777813911438,1.110777497291565,0.45593351125717163,1.110777497291565,0.5965614914894104,0.6606951355934143
60,0.5577198315498441,0.7120686880377836,0.010862580500543118,0.011746341362595558,0.48383456468582153,0.49355658888816833,1.1437586545944214,0.43101152777671814,1.1437586545944214,0.5874543190002441,0.6696390509605408
61,0.5520459122435991,0.7173202633857727,0.010283112525939941,0.010964308865368366,0.48493799567222595,0.4938145875930786,1.1329209804534912,0.45075151324272156,1.1329209804534912,0.5730119347572327,0.6926851272583008
62,0.5548578389855319,0.7683845439622569,0.009775093756616116,0.010551654733717442,0.4847657382488251,0.49490755796432495,1.0586817264556885,0.4938448965549469,1.0586817264556885,0.6438636183738708,0.6123478412628174
63,0.5574745473473571,0.7605214035788248,0.009282096289098263,0.010210856795310974,0.4850754737854004,0.4954315721988678,1.0573151111602783,0.4979753792285919,1.0573151111602783,0.6261091828346252,0.6362805962562561
64,0.5510894046273342,0.7285534011763196,0.008886696770787239,0.009751339443027973,0.4862813651561737,0.49508050084114075,1.0513103008270264,0.4979453682899475,1.0513103008270264,0.6367775201797485,0.6267675161361694
65,0.5520873021247775,0.7279102400291798,0.008407069370150566,0.009271854534745216,0.48521286249160767,0.4971081614494324,1.0664888620376587,0.47971391677856445,1.0664888620376587,0.6211580038070679,0.6372320055961609
66,0.553781982771186,0.7070644047371176,0.008081379346549511,0.008569634519517422,0.4863963723182678,0.496952623128891,1.0540071725845337,0.5006197094917297,1.0540071725845337,0.6477658152580261,0.608457624912262
67,0.5600681561370229,0.762546009102533,0.0076650818809866905,0.008174041286110878,0.48836052417755127,0.4958004057407379,0.9930251240730286,0.5433911085128784,0.9930251240730286,0.7104557156562805,0.5577802062034607
68,0.5537859811339267,0.755139501981957,0.0073393965139985085,0.00780948530882597,0.48641735315322876,0.49843379855155945,1.053183674812317,0.5046179294586182,1.053183674812317,0.6273511052131653,0.6306478381156921
69,0.5529193039550337,0.7171447145384412,0.007020460907369852,0.0073927538469433784,0.4878747761249542,0.49771198630332947,1.0452940464019775,0.49653464555740356,1.0452940464019775,0.6528508067131042,0.6121004819869995
70,0.5518133383850718,0.7391680333503458,0.0066984230652451515,0.007078752387315035,0.48867228627204895,0.49755051732063293,1.065748929977417,0.4954749643802643,1.065748929977417,0.6444811224937439,0.6184567809104919
71,0.5589571366476458,0.7446052341960198,0.006363691762089729,0.006647050380706787,0.4859631657600403,0.5010260343551636,1.0873585939407349,0.47143036127090454,1.0873585939407349,0.6557976007461548,0.613764762878418
72,0.5576368785181711,0.7391313487707183,0.006068117450922728,0.006198753137141466,0.4893340766429901,0.4983990788459778,1.0831749439239502,0.48478513956069946,1.0831749439239502,0.6225318312644958,0.6403367519378662
73,0.553806486517884,0.7193663522254589,0.005822720937430859,0.005825122352689505,0.48962724208831787,0.49872487783432007,1.1207886934280396,0.45914748311042786,1.1207886934280396,0.6237013936042786,0.6406196355819702
74,0.5530361290587935,0.7462574978207432,0.005564711522310972,0.005487460643053055,0.48987147212028503,0.49907636642456055,1.0791335105895996,0.4866145849227905,1.0791335105895996,0.6295902729034424,0.6414968371391296
75,0.5563038802424143,0.7084180442399757,0.005276818294078112,0.005123922601342201,0.4878825545310974,0.5017166137695312,1.1081286668777466,0.4667113721370697,1.1081286668777466,0.624103307723999,0.635645866394043
76,0.5521299055842466,0.738285761932994,0.004986918531358242,0.0048497989773750305,0.48941078782081604,0.5007525086402893,1.1288247108459473,0.46453961730003357,1.1288247108459473,0.6278497576713562,0.6333564519882202
77,0.5549238476642343,0.7350565465383752,0.004746846854686737,0.004698575474321842,0.4900590479373932,0.5004954934120178,1.1415306329727173,0.4554293155670166,1.1415306329727173,0.5955787897109985,0.6750785112380981
78,0.55617477173029,0.7478021965470425,0.004498521331697702,0.0044156452640891075,0.48841583728790283,0.5026699900627136,1.0574986934661865,0.5320109724998474,1.0574986934661865,0.6596781611442566,0.6052846312522888
79,0.5512734291165374,0.7152825108794278,0.004312377423048019,0.004157636314630508,0.48919081687927246,0.502339243888855,1.1162971258163452,0.469219833612442,1.1162971258163452,0.6171337962150574,0.6561422348022461
80,0.548290993585143,0.7258715227592824,0.00413757236674428,0.0039914133958518505,0.49006232619285583,0.5018086433410645,1.0647507905960083,0.5016013383865356,1.0647507905960083,0.6592028141021729,0.607252836227417
81,0.5497391154599744,0.730928007946458,0.003936525899916887,0.0037922728806734085,0.49022939801216125,0.502041757106781,1.1132451295852661,0.4800763726234436,1.1132451295852661,0.6101251840591431,0.6544813513755798
82,0.5463124347287555,0.7158537555572598,0.003776657162234187,0.003647276433184743,0.4912237524986267,0.5013522505760193,1.1395882368087769,0.4670441746711731,1.1395882368087769,0.6143108606338501,0.6492364406585693
83,0.5471363954765852,0.7747777561808742,0.0035852633882313967,0.003513406729325652,0.4910475015640259,0.5018537640571594,1.0996571779251099,0.4672417640686035,1.0996571779251099,0.6430124640464783,0.6292098760604858
84,0.5500534474849701,0.7343925903009814,0.003397190710529685,0.003366873599588871,0.49006137251853943,0.5031746029853821,1.1647416353225708,0.47945311665534973,1.1647416353225708,0.5760130882263184,0.6919063925743103
85,0.5543515231720236,0.7524128930513249,0.0032513674814254045,0.0031680490355938673,0.48992177844047546,0.5036588311195374,1.1244895458221436,0.47707927227020264,1.1244895458221436,0.6369323134422302,0.6352852582931519
86,0.5539603482845218,0.7515891485436018,0.0031052865087985992,0.0029985641594976187,0.4913479685783386,0.5025482177734375,1.1660196781158447,0.4521749019622803,1.1660196781158447,0.5931602716445923,0.6795950531959534
87,0.5488191246986389,0.752108552428179,0.0029468403663486242,0.0028625086415559053,0.4919089376926422,0.5022817254066467,1.1382235288619995,0.488684743642807,1.1382235288619995,0.6308798789978027,0.6370540857315063
88,0.5458960041057231,0.6820894708467085,0.0027974173426628113,0.002598570892587304,0.49100837111473083,0.5035956501960754,1.168199896812439,0.4613986313343048,1.168199896812439,0.6140373945236206,0.6596157550811768
89,0.5513428283292193,0.7705076038837433,0.002661542734131217,0.002534529659897089,0.49188145995140076,0.5029224157333374,1.1110562086105347,0.5080997347831726,1.1110562086105347,0.6468770503997803,0.6211390495300293
90,0.5460494521052338,0.7267022410104441,0.0025644488632678986,0.0023862093221396208,0.4919123351573944,0.5031369924545288,1.1792906522750854,0.44923895597457886,1.1792906522750854,0.6091834902763367,0.6666908860206604
91,0.5568463677583739,0.7286367388658745,0.0024493227247148752,0.0022309022024273872,0.4909127950668335,0.5044070482254028,1.0864782333374023,0.5388874411582947,1.0864782333374023,0.6589916348457336,0.6174564361572266
92,0.5469033537909042,0.7513531051402869,0.002348492620512843,0.0021526645869016647,0.49135783314704895,0.5041409730911255,1.1291953325271606,0.4930749237537384,1.1291953325271606,0.6248701810836792,0.6471085548400879
93,0.5444554707338644,0.7227337790089984,0.002260347129777074,0.002089340938255191,0.4912322461605072,0.5044180750846863,1.116389513015747,0.4934394061565399,1.116389513015747,0.6397320628166199,0.6317075490951538
94,0.5556567151879155,0.7299098067505415,0.0021350737661123276,0.0019456143490970135,0.49139177799224854,0.5045275688171387,1.1856930255889893,0.46344107389450073,1.1856930255889893,0.5907893776893616,0.6854336261749268
95,0.550866003646407,0.7178478545920793,0.0020470351446419954,0.0017857945058494806,0.49195677042007446,0.504210352897644,1.1764819622039795,0.47198066115379333,1.1764819622039795,0.6270584464073181,0.6462388634681702
96,0.5501780766387319,0.754584715809933,0.0019398309523239732,0.0017135059460997581,0.49223804473876953,0.5041086077690125,1.2214246988296509,0.43125009536743164,1.2214246988296509,0.5687502026557922,0.7104474902153015
97,0.549410110296205,0.7290458817814671,0.0018371010664850473,0.0015959511511027813,0.4908723831176758,0.505694568157196,1.1013271808624268,0.5288562178611755,1.1013271808624268,0.68433678150177,0.5924104452133179
98,0.5527344879715942,0.7327754379704942,0.001727543887682259,0.0014904731651768088,0.4911154806613922,0.5056664943695068,1.1141661405563354,0.5342607498168945,1.1141661405563354,0.6622220277786255,0.6072651743888855
99,0.5500781321248343,0.6883501202561134,0.0016711556818336248,0.00140758219640702,0.49211084842681885,0.5048103928565979,1.2157505750656128,0.4657030403614044,1.2157505750656128,0.6156296730041504,0.6663849949836731
100,0.5439213930174361,0.7096354594064314,0.0016122774686664343,0.001314499881118536,0.49391359090805054,0.5031595826148987,1.1907883882522583,0.44863003492355347,1.1907883882522583,0.6196776032447815,0.6656146049499512
101,0.5471402579961822,0.7757221751434858,0.0015222701476886868,0.0012865293538197875,0.4932783246040344,0.5039129257202148,1.2336575984954834,0.4610857367515564,1.2336575984954834,0.5965868830680847,0.6796278357505798
102,0.5455475976300794,0.7377664772577064,0.0014483750564977527,0.0012110717361792922,0.4927419424057007,0.5045986771583557,1.1308897733688354,0.5179978609085083,1.1308897733688354,0.6847942471504211,0.5984150767326355
103,0.547194417825965,0.7986466295497362,0.0013713841326534748,0.001191263203509152,0.4906131327152252,0.5068241953849792,1.091142177581787,0.5489856600761414,1.091142177581787,0.6995171904563904,0.5804213285446167
104,0.5394542445970136,0.7180533762588057,0.0013181960675865412,0.0011056506773456931,0.49386492371559143,0.5037112236022949,1.2598978281021118,0.43549612164497375,1.2598978281021118,0.589025616645813,0.6961219310760498
105,0.5417578435221384,0.6988902972188107,0.0012496280251070857,0.0010296180844306946,0.49376457929611206,0.5039562582969666,1.2440996170043945,0.441453218460083,1.2440996170043945,0.6117572784423828,0.6760714054107666
106,0.5487796123637709,0.7514222368251445,0.0011792858131229877,0.0009991555707529187,0.4916771948337555,0.5061443448066711,1.180348515510559,0.5063551068305969,1.180348515510559,0.6525284647941589,0.6230760812759399
107,0.5451613727004029,0.7176336424295292,0.0011339194606989622,0.0009488163632340729,0.49259063601493835,0.5053265690803528,1.2169134616851807,0.47059184312820435,1.2169134616851807,0.6149938702583313,0.6608675122261047
108,0.5449500874031422,0.7213203442651172,0.0010753340320661664,0.0009019216522574425,0.4925757348537445,0.5054469704627991,1.2143757343292236,0.4818900525569916,1.2143757343292236,0.6329954862594604,0.6451801061630249
109,0.5444346770297649,0.7824775687483854,0.0010178652592003345,0.0008732927963137627,0.4937531352043152,0.5043556690216064,1.2601112127304077,0.4392048716545105,1.2601112127304077,0.6096484065055847,0.6780208945274353
110,0.5431801960911862,0.7298283071018928,0.0009657582268118858,0.0008304390357807279,0.491930216550827,0.506273627281189,1.1322005987167358,0.5291972160339355,1.1322005987167358,0.6977500915527344,0.5937081575393677
111,0.5464593289896499,0.7902887401192688,0.0009206777322106063,0.0008143730228766799,0.4933599829673767,0.5049049854278564,1.2364256381988525,0.4691029191017151,1.2364256381988525,0.6052325963973999,0.6760515570640564
112,0.5461640441140463,0.7780944656494052,0.000879857165273279,0.0007964919204823673,0.49240782856941223,0.5059157609939575,1.2025811672210693,0.4783930480480194,1.2025811672210693,0.6462764143943787,0.6351600289344788
113,0.5454422720642977,0.745411824348361,0.0008361914078705013,0.0007536611519753933,0.49360570311546326,0.5048044919967651,1.241744041442871,0.45393145084381104,1.241744041442871,0.6169707179069519,0.6714572310447693
114,0.5431374242139417,0.7698448023130727,0.0008020831155590713,0.0007336208946071565,0.49336424469947815,0.5051001310348511,1.2358558177947998,0.4708384871482849,1.2358558177947998,0.6101732850074768,0.6714685559272766
115,0.5478168767552043,0.7783715454644935,0.0007680367561988533,0.0007167546427808702,0.4946564733982086,0.5038586854934692,1.177329421043396,0.47764766216278076,1.177329421043396,0.6793839931488037,0.6139235496520996
116,0.5455086841139682,0.7879391548245452,0.0007254459778778255,0.0007047919789329171,0.4930870234966278,0.5054827332496643,1.319004774093628,0.460261732339859,1.319004774093628,0.5536166429519653,0.7347543239593506
117,0.5419693291187286,0.7472230015799056,0.0006876048864796758,0.0006852098158560693,0.4918263852596283,0.5068008303642273,1.1867109537124634,0.5158500075340271,1.1867109537124634,0.6805849671363831,0.6057525277137756
118,0.5459666667982589,0.7523331212442975,0.0006633390439674258,0.0006464649341069162,0.4926467835903168,0.5060434341430664,1.2329654693603516,0.46980783343315125,1.2329654693603516,0.6253069043159485,0.6549572348594666
119,0.5416901333387508,0.7880780336468719,0.0006336808437481523,0.0006425650790333748,0.49436813592910767,0.5043556690216064,1.2860487699508667,0.43319857120513916,1.2860487699508667,0.5936761498451233,0.6981745958328247
120,0.5431894930296166,0.7522067614766055,0.0006016168626956642,0.0006232672603800893,0.4924563467502594,0.5063188672065735,1.194717288017273,0.5232336521148682,1.194717288017273,0.6639218926429749,0.6177639961242676
121,0.539710403874863,0.7439425303492435,0.0005763972294516861,0.0006088365917094052,0.4937821328639984,0.5050326585769653,1.2217977046966553,0.4865280091762543,1.2217977046966553,0.6398478746414185,0.6449171900749207
122,0.5433474910813708,0.7183975549631341,0.0005496167577803135,0.0005875356728211045,0.49478378891944885,0.5040789842605591,1.2160565853118896,0.5106971859931946,1.2160565853118896,0.6269396543502808,0.6574103832244873
123,0.5407080463198728,0.7790038128231846,0.0005300838383845985,0.0005541901919059455,0.4924001693725586,0.5065155625343323,1.2448886632919312,0.45765194296836853,1.2448886632919312,0.6410930752754211,0.6547752618789673
124,0.5442942949228509,0.7696083784103394,0.0005014114431105554,0.0005382404197007418,0.4927825331687927,0.5061777830123901,1.252600908279419,0.45937272906303406,1.252600908279419,0.5956268906593323,0.6987131237983704
125,0.5403131094089774,0.7239249722902165,0.0004782412142958492,0.0005080614355392754,0.4928034842014313,0.506210207939148,1.206735372543335,0.491146057844162,1.206735372543335,0.6319488883018494,0.6537842154502869
126,0.537185528943705,0.722503884587177,0.00046424116590060294,0.0004757918359246105,0.4913303852081299,0.5077296495437622,1.2456016540527344,0.5022475123405457,1.2456016540527344,0.6192445755004883,0.6654872894287109
127,0.5449709684349769,0.7406887890294541,0.0004437643801793456,0.00045310897985473275,0.4947766661643982,0.5043264627456665,1.2455246448516846,0.4715615212917328,1.2455246448516846,0.6354936957359314,0.6637078523635864
128,0.5438957560894101,0.7633527094541595,0.00042311480501666665,0.0004316047125030309,0.4933246970176697,0.505820631980896,1.3104125261306763,0.4271607995033264,1.3104125261306763,0.5931229591369629,0.7085173726081848
129,0.5389185409213222,0.7479805225549743,0.0004038969927933067,0.0004104314430151135,0.492828905582428,0.5063568353652954,1.2948408126831055,0.452780544757843,1.2948408126831055,0.5894249081611633,0.707809567451477
130,0.539794307115466,0.79767452076424,0.0003831399080809206,0.0003940911265090108,0.49357330799102783,0.5056494474411011,1.2280375957489014,0.4822293221950531,1.2280375957489014,0.620267927646637,0.6714737415313721
131,0.5407332701738491,0.7520958171334378,0.0003736098587978631,0.0003741946129593998,0.4937655031681061,0.5054867267608643,1.289097785949707,0.4471938908100128,1.289097785949707,0.595061182975769,0.699341356754303
132,0.5455894283083982,0.727512645860051,0.00035276211565360427,0.0003540147445164621,0.49222204089164734,0.5070711374282837,1.1693354845046997,0.5319874882698059,1.1693354845046997,0.6573797464370728,0.6341410279273987
133,0.5394697667554368,0.7177935845630113,0.00034043999039568007,0.00032642114092595875,0.4955402910709381,0.503792941570282,1.248232126235962,0.4881002604961395,1.248232126235962,0.6260740756988525,0.6721883416175842
134,0.5402880040712135,0.8060863974482514,0.0003249493893235922,0.0003269427688792348,0.49266594648361206,0.5066820979118347,1.1196070909500122,0.5699415802955627,1.1196070909500122,0.7111912369728088,0.5835461616516113
135,0.5370201101136762,0.7170169713885285,0.0003141522756777704,0.000309367838781327,0.4931449294090271,0.5062316060066223,1.2421213388442993,0.4920405149459839,1.2421213388442993,0.5978233814239502,0.6944054365158081
136,0.540758422640867,0.7305672293485597,0.00030324654653668404,0.000290858733933419,0.4933185279369354,0.5060873627662659,1.262330412864685,0.4871818423271179,1.262330412864685,0.5845373868942261,0.7133116126060486
137,0.5407373232896938,0.7020064613153768,0.000290476978989318,0.0002730513515416533,0.49374374747276306,0.505692720413208,1.2134913206100464,0.5142530798912048,1.2134913206100464,0.6154170036315918,0.6780591011047363
138,0.5381669935791992,0.739952122056207,0.0002820315712597221,0.00025725169689394534,0.4945032000541687,0.5049575567245483,1.2196367979049683,0.49215570092201233,1.2196367979049683,0.6213910579681396,0.670109748840332
139,0.536769593870917,0.7655811261299045,0.000271253491519019,0.00025180363445542753,0.4932045340538025,0.5062723755836487,1.1967953443527222,0.5257578492164612,1.1967953443527222,0.6602263450622559,0.6398919224739075
140,0.5376703967881757,0.7296903445277103,0.0002629899245221168,0.0002372095186728984,0.49331408739089966,0.5061857104301453,1.2284249067306519,0.4627082347869873,1.2284249067306519,0.6571710705757141,0.6548600196838379
141,0.5385901324970778,0.7778423262196917,0.0002513375075068325,0.00023033829347696155,0.4929635226726532,0.5065547823905945,1.144407868385315,0.5758388638496399,1.144407868385315,0.6977134943008423,0.6000650525093079
142,0.5385072439215904,0.73337705606638,0.0002425905258860439,0.00021882489090785384,0.4928067922592163,0.5067318677902222,1.2915860414505005,0.46012023091316223,1.2915860414505005,0.6096116304397583,0.6934373378753662
143,0.5359303951263428,0.7605098513669746,0.00023291488469112664,0.0002117164112860337,0.49289166927337646,0.5066637396812439,1.1961380243301392,0.5236476063728333,1.1961380243301392,0.649438202381134,0.6533082127571106
144,0.5375937486803809,0.7606451850990916,0.00022473972057923675,0.0002060395636362955,0.494255006313324,0.5053142309188843,1.2468467950820923,0.4812679588794708,1.2468467950820923,0.6304226517677307,0.6744614839553833
145,0.5409863785255787,0.7609872942747071,0.00021289795404300094,0.00019504076044540852,0.49059292674064636,0.5089991688728333,1.1862602233886719,0.5513975620269775,1.1862602233886719,0.6662670373916626,0.6420784592628479
146,0.5438268150008002,0.7662592460942823,0.0002077367389574647,0.0001844866928877309,0.4956997334957123,0.5039080381393433,1.2767179012298584,0.4772855341434479,1.2767179012298584,0.6047999262809753,0.7061572670936584
147,0.5360631859579752,0.7639581665050151,0.00019887149392161518,0.00018078599532600492,0.49239009618759155,0.507230281829834,1.1994258165359497,0.5370445847511292,1.1994258165359497,0.6355535984039307,0.6705895662307739
148,0.5378633675187133,0.784914048605187,0.00019354534742888063,0.000176723871845752,0.49455875158309937,0.5050709247589111,1.2832067012786865,0.4666008949279785,1.2832067012786865,0.615619421005249,0.6844309568405151
149,0.5351345539093018,0.7475134480831235,0.00018676456238608807,0.00017134216614067554,0.49488893151283264,0.5047529339790344,1.2381274700164795,0.5042425990104675,1.2381274700164795,0.6529566645622253,0.6546568274497986
150,0.5366477959377821,0.788248852241871,0.00017970112094189972,0.00016916444292292,0.4949476420879364,0.5047034621238708,1.2746727466583252,0.46077924966812134,1.2746727466583252,0.6153103709220886,0.696150004863739
151,0.5409215959005578,0.8158885289070218,0.00016983257955871522,0.00016771383525338024,0.49232369661331177,0.5073387622833252,1.2460640668869019,0.516655683517456,1.2460640668869019,0.6165218353271484,0.6863956451416016
152,0.5349366117355435,0.7025351233260576,0.00016484346997458488,0.00015669467393308878,0.4933873116970062,0.5062912106513977,1.199393391609192,0.5412895083427429,1.199393391609192,0.6575208306312561,0.6434870362281799
153,0.5314580520918203,0.7891343547854313,0.00016055858577601612,0.00015232119767460972,0.4913553297519684,0.508331835269928,1.1042896509170532,0.5999316573143005,1.1042896509170532,0.7381792068481445,0.577008068561554
154,0.5370523562264997,0.7724086143249689,0.00015553133562207222,0.00014678646402899176,0.49325934052467346,0.5064383745193481,1.2287274599075317,0.5051114559173584,1.2287274599075317,0.6450416445732117,0.6677951216697693
155,0.5387460651785828,0.7733419426651889,0.0001487305707996711,0.00014437918434850872,0.4932407736778259,0.5064660906791687,1.232855200767517,0.5148122310638428,1.232855200767517,0.6133694648742676,0.6869574785232544
156,0.5332631226195845,0.7629084129666173,0.00014347171236295253,0.00013779656728729606,0.4944208562374115,0.5052979588508606,1.2463083267211914,0.5187023878097534,1.2463083267211914,0.6055956482887268,0.7033047676086426
157,0.537858669147935,0.7469561716844869,0.00013935714378021657,0.0001313282991759479,0.4942551553249359,0.5054742097854614,1.2884190082550049,0.4872536063194275,1.2884190082550049,0.6147432327270508,0.6958591938018799
158,0.5399741655172303,0.6922693217909613,0.00013379647862166166,0.00012168066314188763,0.4926955997943878,0.5070489048957825,1.1833391189575195,0.5410577654838562,1.1833391189575195,0.6833189725875854,0.6240835785865784
159,0.5310854870219563,0.7830404819444169,0.00012839124246966094,0.00012030950892949477,0.4936977028846741,0.5060535669326782,1.220435380935669,0.5248095393180847,1.220435380935669,0.653512716293335,0.6605002880096436
160,0.5377386870772339,0.7680389423703038,0.0001246070023626089,0.00011430586891947314,0.48965051770210266,0.5101105570793152,1.2354614734649658,0.521197497844696,1.2354614734649658,0.6239998936653137,0.6898325681686401
161,0.53344837801401,0.8036579877831215,0.00012065952614648268,0.00011243875633226708,0.4946618378162384,0.5051050782203674,1.185017466545105,0.5683545470237732,1.185017466545105,0.6742120981216431,0.6378833055496216
162,0.5324800069942031,0.7044001290964526,0.00011657483992166817,0.00010530699364608154,0.493235319852829,0.5065427422523499,1.2210652828216553,0.5250914692878723,1.2210652828216553,0.6449132561683655,0.665814995765686
163,0.5293749141138654,0.7971830693788307,0.00011235036072321236,0.00010349731019232422,0.49357870221138,0.5062054395675659,1.2471717596054077,0.5244271159172058,1.2471717596054077,0.6134039759635925,0.6877004504203796
164,0.5312841700953107,0.762589460195497,0.00010948910494334996,0.00010060053318738937,0.49314597249031067,0.5066440105438232,1.2333285808563232,0.4972511827945709,1.2333285808563232,0.6390974521636963,0.671207845211029
165,0.5326392823873565,0.785978730334792,0.00010576177010079846,9.847869660006836e-05,0.4943166673183441,0.505479097366333,1.2171494960784912,0.5191846489906311,1.2171494960784912,0.6798862814903259,0.6396255493164062
166,0.5336404283379399,0.8279977967572767,0.0001013069340842776,9.982539631891996e-05,0.4908747673034668,0.508924126625061,1.1627585887908936,0.5674459338188171,1.1627585887908936,0.6884509921073914,0.6275583505630493
167,0.5341496793336646,0.8222229175789412,9.919530566548929e-05,9.828007023315877e-05,0.49282971024513245,0.5069727897644043,1.1886988878250122,0.5479278564453125,1.1886988878250122,0.6484487056732178,0.6674355864524841
168,0.5347215172856353,0.739024072192436,9.610851702746004e-05,9.303700790042058e-05,0.49386468529701233,0.505946159362793,1.210369348526001,0.543056070804596,1.210369348526001,0.6258950233459473,0.6881680488586426
169,0.5312590945598691,0.7126334039277809,9.364552533952519e-05,8.757420437177643e-05,0.4923909306526184,0.5074278116226196,1.1865366697311401,0.5701712965965271,1.1865366697311401,0.6921243071556091,0.6332311630249023
170,0.5342852133651113,0.7268223187258077,9.073552791960537e-05,8.106373570626602e-05,0.49341046810150146,0.5064177513122559,1.2685470581054688,0.5279155373573303,1.2685470581054688,0.624529242515564,0.6914854049682617
171,0.5301059837951216,0.7420023638148641,8.882993279257789e-05,7.696603279327974e-05,0.4933459460735321,0.5064883232116699,1.1882860660552979,0.5448002815246582,1.1882860660552979,0.69251948595047,0.6246275901794434
172,0.5313548459563144,0.7550559113192004,8.626468479633331e-05,7.404498319374397e-05,0.4957706332206726,0.5040690302848816,1.3177248239517212,0.4675752520561218,1.3177248239517212,0.5810317397117615,0.7419537305831909
173,0.5280969953814219,0.7291171578473823,8.367290865862742e-05,7.009183173067868e-05,0.49368518590927124,0.5061610341072083,1.2291948795318604,0.5256617665290833,1.2291948795318604,0.6509411931037903,0.675541341304779
174,0.529939322277557,0.7447165715139966,8.122540020849556e-05,6.79957665852271e-05,0.4935815632343292,0.5062691569328308,1.3087304830551147,0.4857848882675171,1.3087304830551147,0.6021148562431335,0.7280519604682922
175,0.5352790979451911,0.7702166923256808,7.814323180355132e-05,6.661161023657769e-05,0.4935545325279236,0.506300687789917,1.1952890157699585,0.5351055264472961,1.1952890157699585,0.6700748801231384,0.6528509855270386
176,0.5302562859169272,0.7465356331925059,7.691633072681725e-05,6.359921826515347e-05,0.492341011762619,0.5075184106826782,1.2250181436538696,0.5398905277252197,1.2250181436538696,0.6546972990036011,0.6697101593017578
177,0.5296457825705062,0.754646900088288,7.408949022646993e-05,6.240225775400177e-05,0.4935474395751953,0.5063160061836243,1.2318804264068604,0.5361722111701965,1.2318804264068604,0.6364407539367676,0.6931713223457336
178,0.5345610844534497,0.7740169721980428,7.281788566615433e-05,5.972430153633468e-05,0.49360570311546326,0.5062617659568787,1.346579670906067,0.47265681624412537,1.346579670906067,0.5985060334205627,0.7297659516334534
179,0.5251400921233865,0.7947504423385443,7.060454663587734e-05,5.815578333567828e-05,0.4914126694202423,0.5084585547447205,1.1095606088638306,0.6205030679702759,1.1095606088638306,0.778236448764801,0.5527895092964172
180,0.5313391380531843,0.7652444056300229,6.914943514857441e-05,5.577635238296352e-05,0.4931586980819702,0.5067164301872253,1.3664551973342896,0.4703083634376526,1.3664551973342896,0.5745726227760315,0.7468069791793823
181,0.5296390777410462,0.8348803291487139,6.658925849478692e-05,5.556716496357694e-05,0.4930006265640259,0.5068772435188293,1.2657684087753296,0.5040497779846191,1.2657684087753296,0.6316258311271667,0.6996360421180725
182,0.527371273484341,0.7612002228581628,6.427046173484996e-05,5.351930303731933e-05,0.4905076026916504,0.5093745589256287,1.2578824758529663,0.5344241857528687,1.2578824758529663,0.6652964949607849,0.6527416706085205
183,0.5332735111547071,0.7553545389064523,6.216521433088928e-05,5.1102182624163106e-05,0.4929732382297516,0.506913423538208,1.2079932689666748,0.57401442527771,1.2079932689666748,0.6790354251861572,0.6391243934631348
184,0.5391220741493757,0.7911610790463381,5.991456418996677e-05,4.9387974286219105e-05,0.4904525876045227,0.509438157081604,1.2356065511703491,0.5627968907356262,1.2356065511703491,0.6383165717124939,0.6774066686630249
185,0.5293502183847649,0.8047636497852414,5.867554864380509e-05,4.8147856432478875e-05,0.49319326877593994,0.506699800491333,1.2667057514190674,0.5232197642326355,1.2667057514190674,0.6625183820724487,0.6638224720954895
186,0.5301405239936917,0.8080578390942064,5.6541211961302906e-05,4.818115121452138e-05,0.4919424057006836,0.5079528093338013,1.2323652505874634,0.5515577793121338,1.2323652505874634,0.6624833941459656,0.6588258743286133
187,0.524862328934115,0.7828147931154384,5.5031989177223295e-05,4.7118228394538164e-05,0.4932796061038971,0.5066182017326355,1.2832008600234985,0.5388857126235962,1.2832008600234985,0.6442312598228455,0.6751147508621216
188,0.5270981899527616,0.8096729607083076,5.305652302922681e-05,4.7582463594153523e-05,0.4928799271583557,0.5070194602012634,1.2513866424560547,0.5695632696151733,1.2513866424560547,0.6757662892341614,0.6539068818092346
189,0.5247246380462203,0.8043085503023725,5.140838766237721e-05,4.733637615572661e-05,0.4916467070579529,0.5082545876502991,1.1542631387710571,0.626711905002594,1.1542631387710571,0.7298295497894287,0.5949106812477112
190,0.5278297343919444,0.7933536615482596,4.9913865950657055e-05,4.6049332013353705e-05,0.49305951595306396,0.5068444609642029,1.2460581064224243,0.5531814098358154,1.2460581064224243,0.648003101348877,0.6783319115638733
191,0.5265605345714924,0.7377329371696295,4.8762838559923694e-05,4.4010765122948214e-05,0.4942379295825958,0.5056692361831665,1.3128639459609985,0.4901675879955292,1.3128639459609985,0.6419882774353027,0.7062230110168457
192,0.5283819527127022,0.7855549669542978,4.7394951252499595e-05,4.341909152572043e-05,0.493393212556839,0.5065159201622009,1.3376559019088745,0.5051611065864563,1.3376559019088745,0.6238975524902344,0.7013125419616699
193,0.5257829808911612,0.7445982209471769,4.54401015304029e-05,4.150564200244844e-05,0.4947012662887573,0.5052117109298706,1.26304030418396,0.5169317126274109,1.26304030418396,0.6688847541809082,0.6663587689399719
194,0.5327070348484572,0.7999244692713715,4.2897736420854926e-05,4.0970826375996694e-05,0.4925047755241394,0.5074113011360168,1.1851755380630493,0.5666765570640564,1.1851755380630493,0.706623911857605,0.6334003210067749
195,0.5290872364543205,0.7168626009031783,4.188078310107812e-05,3.879296491504647e-05,0.4926223158836365,0.5072970390319824,1.2655341625213623,0.541201114654541,1.2655341625213623,0.6576532125473022,0.67796391248703
196,0.5307468834311463,0.8132768342661303,3.99139680666849e-05,3.8547528674826026e-05,0.49135327339172363,0.508568286895752,1.2120229005813599,0.5516615509986877,1.2120229005813599,0.7191690802574158,0.631359338760376
197,0.5334117218505504,0.7558937398500221,3.8494603359140456e-05,3.711412500706501e-05,0.49316734075546265,0.5067570805549622,1.3274710178375244,0.540775716304779,1.3274710178375244,0.6012553572654724,0.7240987420082092
198,0.5266749041025028,0.7505065590836281,3.7785044696647674e-05,3.519628808135167e-05,0.4910773038864136,0.5088496804237366,1.2228573560714722,0.5566238164901733,1.2228573560714722,0.7241905331611633,0.6191757321357727
199,0.5226679922536362,0.7741901209188062,3.712033503688872e-05,3.4231645258842036e-05,0.4926562011241913,0.5072724223136902,1.375806212425232,0.4971070885658264,1.375806212425232,0.6205583810806274,0.7216101288795471
200,0.5255246987176496,0.7808734954789628,3.5906326957046986e-05,3.409192504477687e-05,0.49159395694732666,0.508336067199707,1.3432072401046753,0.49307844042778015,1.3432072401046753,0.6191961169242859,0.7144314050674438
