method,dataset,seed,eo_tpr_diff,eod_max_diff,eod_avg_diff,dp_diff,tpr_g0,tpr_g1,fpr_g0,fpr_g1,f1_weighted,f1_macro,f1_minority,f1_majority,roc_auc,brier,acc
Alpha,Census,0,0.145830,0.145830,0.083340,0.093792,0.171171,0.317001,0.001570,0.022420,0.783857,0.667107,0.441805,0.892409,0.886956,0.127572,0.819592
Alpha,Census,2,0.301190,0.301190,0.171491,0.142452,0.127490,0.428680,0.002138,0.043931,0.805222,0.707188,0.518004,0.896372,0.892122,0.122404,0.829418
Alpha,Census,3,0.227042,0.227042,0.130922,0.130355,0.195918,0.422961,0.003634,0.038436,0.809745,0.713816,0.528696,0.898937,0.885259,0.121240,0.833564
Alpha,Census,5,0.180923,0.180923,0.106654,0.119388,0.217573,0.398496,0.003648,0.036033,0.804968,0.705468,0.513454,0.897481,0.890601,0.122734,0.830646
Alpha,Census,42,0.125753,0.125753,0.076334,0.094529,0.213115,0.338868,0.004345,0.031260,0.788020,0.676294,0.460690,0.891899,0.888599,0.124782,0.819899
RL (ours),Census,0,0.089207,0.089207,0.047652,0.056333,0.477477,0.388270,0.045003,0.038905,0.803525,0.708025,0.523730,0.892319,0.878027,0.124795,0.824351
RL (ours),Census,2,0.009192,0.016000,0.012596,0.086465,0.462151,0.452959,0.033137,0.049138,0.819728,0.735017,0.571543,0.898490,0.884019,0.121192,0.835867
RL (ours),Census,3,0.008740,0.018153,0.013446,0.092814,0.428571,0.437311,0.024922,0.043075,0.818500,0.731200,0.562731,0.899670,0.880948,0.119602,0.836788
RL (ours),Census,5,0.028735,0.028735,0.023656,0.093335,0.497908,0.469173,0.039604,0.058182,0.820499,0.738262,0.579563,0.896960,0.879484,0.119898,0.834485
RL (ours),Census,42,0.008871,0.010611,0.009741,0.076802,0.426230,0.417358,0.030961,0.041573,0.811808,0.720664,0.544776,0.896552,0.884337,0.125153,0.831414
GroupDRO,Census,0,0.094233,0.137244,0.115739,0.246836,0.671171,0.765405,0.067504,0.204748,0.830827,0.777462,0.674478,0.880445,0.894857,0.120323,0.825119
GroupDRO,Census,2,0.115015,0.124602,0.119808,0.228081,0.641434,0.756449,0.056654,0.181256,0.839072,0.785864,0.683186,0.888543,0.898727,0.116296,0.835099
GroupDRO,Census,3,0.099608,0.182545,0.141077,0.280977,0.718367,0.817976,0.074247,0.256793,0.820579,0.769928,0.672184,0.867672,0.896136,0.125696,0.811454
GroupDRO,Census,5,0.082005,0.186229,0.134117,0.284777,0.769874,0.851880,0.100052,0.286281,0.810491,0.761804,0.667850,0.855759,0.896563,0.134581,0.798864
GroupDRO,Census,42,0.140479,0.184542,0.162511,0.280129,0.684426,0.824906,0.087452,0.271995,0.808924,0.757163,0.657277,0.857050,0.888090,0.131535,0.798250
OT Repair,Census,0,0.003210,0.028228,0.015719,0.089107,0.378378,0.381589,0.041340,0.069568,0.785793,0.683731,0.486772,0.880689,0.817969,0.165206,0.806387
OT Repair,Census,2,0.111666,0.111666,0.073014,0.106855,0.298805,0.410470,0.027793,0.062154,0.795669,0.697281,0.507414,0.887148,0.821983,0.158588,0.816367
OT Repair,Census,3,0.048961,0.048961,0.038006,0.097881,0.375510,0.424471,0.041537,0.068588,0.797869,0.703407,0.521116,0.885698,0.828256,0.158326,0.815446
OT Repair,Census,5,0.084166,0.084166,0.054843,0.099246,0.326360,0.410526,0.039604,0.065124,0.793459,0.695371,0.506083,0.884659,0.818371,0.162270,0.812989
OT Repair,Census,42,0.014649,0.017649,0.016149,0.075456,0.377049,0.391698,0.054861,0.072510,0.783918,0.682788,0.487630,0.877947,0.816680,0.166957,0.802856
FLB,Census,0,0.007534,0.104549,0.056042,0.200642,0.743243,0.735709,0.101518,0.206067,0.817625,0.761220,0.652370,0.870070,0.886479,0.128349,0.810840
FLB,Census,2,0.002515,0.085144,0.043829,0.177815,0.741036,0.743551,0.095136,0.180280,0.831003,0.776946,0.672628,0.881264,0.889931,0.128567,0.825733
FLB,Census,3,0.015241,0.107601,0.061421,0.200138,0.779592,0.764350,0.102804,0.210404,0.823268,0.770069,0.667406,0.872731,0.891343,0.126955,0.815907
FLB,Census,5,0.052805,0.107936,0.080370,0.197094,0.853557,0.800752,0.143304,0.251240,0.806245,0.754726,0.655306,0.854146,0.888985,0.136217,0.795025
FLB,Census,42,0.088939,0.132272,0.110606,0.227547,0.696721,0.785660,0.102662,0.234934,0.813037,0.759078,0.654949,0.863208,0.883782,0.130874,0.804084
FairTabDDPM,Census,0,0.132848,0.132848,0.080001,0.108365,0.270270,0.403118,0.030874,0.058028,0.793946,0.693970,0.501039,0.886901,0.843325,0.158444,0.815600
FairTabDDPM,Census,2,0.095554,0.095554,0.057298,0.082081,0.239044,0.334598,0.018707,0.037748,0.782140,0.669165,0.451148,0.887182,0.838349,0.165549,0.812836
FairTabDDPM,Census,3,0.018673,0.037211,0.027942,0.113312,0.477551,0.496224,0.051921,0.089132,0.810935,0.728970,0.570796,0.887144,0.858286,0.149068,0.821281
FairTabDDPM,Census,5,0.036282,0.036282,0.035563,0.110549,0.435146,0.471429,0.048463,0.083306,0.805749,0.719391,0.552741,0.886042,0.849674,0.154202,0.818363
FairTabDDPM,Census,42,0.005478,0.020087,0.012782,0.081123,0.397541,0.403019,0.038566,0.058653,0.797526,0.700913,0.514472,0.887355,0.849130,0.154072,0.817135
SMOTE,Census,0,0.067608,0.067608,0.037489,0.037516,0.337838,0.270230,0.026164,0.018793,0.773043,0.650879,0.415130,0.886628,0.853951,0.156610,0.810072
SMOTE,Census,2,0.100793,0.100793,0.057481,0.021474,0.378486,0.277693,0.039551,0.025382,0.772688,0.653177,0.422548,0.883807,0.849502,0.154254,0.806541
SMOTE,Census,3,0.100647,0.100647,0.055034,0.040995,0.457143,0.356495,0.049844,0.040424,0.792065,0.689857,0.492619,0.887095,0.859638,0.150717,0.815292
SMOTE,Census,5,0.223827,0.223827,0.127934,0.005334,0.560669,0.336842,0.067744,0.035702,0.789052,0.686035,0.487233,0.884836,0.852850,0.146809,0.811915
SMOTE,Census,42,0.178586,0.178586,0.100887,0.006182,0.463115,0.284528,0.046714,0.023526,0.778587,0.663647,0.441839,0.885455,0.854865,0.152281,0.809919
CTGAN,Census,0,0.091956,0.091956,0.075156,0.133443,0.342342,0.434298,0.024071,0.082427,0.798132,0.704345,0.523357,0.885333,0.847819,0.152703,0.815139
CTGAN,Census,2,0.195147,0.195147,0.124504,0.126923,0.187251,0.382398,0.018707,0.072568,0.779769,0.671790,0.463415,0.880165,0.832878,0.166024,0.804084
CTGAN,Census,3,0.068552,0.069959,0.069256,0.143943,0.436735,0.505287,0.049325,0.119284,0.799985,0.716122,0.554286,0.877958,0.837014,0.154638,0.808383
CTGAN,Census,5,0.101724,0.101724,0.086171,0.143977,0.368201,0.469925,0.040125,0.110744,0.793452,0.703300,0.529324,0.877275,0.837749,0.161505,0.805312
CTGAN,Census,42,0.089069,0.089069,0.060967,0.098105,0.295082,0.384151,0.029332,0.062198,0.787680,0.684291,0.484773,0.883808,0.843355,0.157926,0.810379
Alpha,Capture-24,0,0.126780,0.126780,0.065014,0.007275,0.144412,0.017631,0.003885,0.000639,0.960797,0.565959,0.146611,0.985306,0.896901,0.024059,0.971110
Alpha,Capture-24,3,0.047995,0.047995,0.024279,0.013137,0.205251,0.157256,0.002957,0.002395,0.901183,0.619757,0.279042,0.960471,0.881882,0.061282,0.925051
Alpha,Capture-24,4,0.352306,0.352306,0.177414,0.015437,0.465671,0.113365,0.011392,0.008870,0.968645,0.682763,0.380174,0.985352,0.879431,0.022289,0.971380
Alpha,Capture-24,5,0.469889,0.469889,0.235909,0.009113,0.669138,0.199250,0.010105,0.008175,0.931818,0.661293,0.351901,0.970685,0.923110,0.042475,0.943908
Alpha,Capture-24,42,0.155938,0.155938,0.082661,0.016961,0.189756,0.033817,0.010408,0.001024,0.929955,0.580768,0.189245,0.972290,0.957780,0.036585,0.946412
RL (ours),Capture-24,0,0.150974,0.150974,0.075970,0.006075,0.216176,0.065203,0.003740,0.002774,0.963651,0.608822,0.231967,0.985676,0.863312,0.024050,0.971877
RL (ours),Capture-24,3,0.263452,0.263452,0.139474,0.005439,0.461814,0.198362,0.023923,0.008428,0.904637,0.654687,0.352081,0.957293,0.814261,0.069906,0.919869
RL (ours),Capture-24,4,0.053718,0.053718,0.031819,0.012271,0.146797,0.093079,0.025186,0.015267,0.954397,0.556797,0.135961,0.977633,0.773667,0.034697,0.956395
RL (ours),Capture-24,5,0.061755,0.061755,0.030908,0.025068,0.217794,0.279550,0.008214,0.008153,0.935723,0.682262,0.392384,0.972140,0.895200,0.047222,0.946722
RL (ours),Capture-24,42,0.101549,0.101549,0.053623,0.000735,0.135540,0.237089,0.010260,0.004563,0.935826,0.626162,0.278956,0.973369,0.934708,0.037928,0.948635
GroupDRO,Capture-24,0,0.189549,0.189549,0.098083,0.002274,0.787353,0.597804,0.084249,0.090867,0.930756,0.626313,0.302973,0.949654,0.898672,0.070211,0.906091
GroupDRO,Capture-24,3,0.117223,0.117223,0.062433,0.061698,0.809368,0.692145,0.095738,0.103381,0.898126,0.726368,0.518425,0.934310,0.899795,0.104520,0.884390
GroupDRO,Capture-24,4,0.121459,0.121459,0.087055,0.060377,0.748348,0.626889,0.202137,0.149485,0.880230,0.538998,0.177824,0.900172,0.828512,0.163748,0.821961
GroupDRO,Capture-24,5,0.124768,0.124768,0.072501,0.083548,0.953661,0.828893,0.081233,0.101468,0.919880,0.734783,0.523092,0.946473,0.943920,0.068841,0.903750
GroupDRO,Capture-24,42,0.239600,0.239600,0.121114,0.008711,0.780309,0.540709,0.141269,0.143896,0.881837,0.617204,0.320487,0.913921,0.884714,0.090446,0.847199
OT Repair,Capture-24,0,0.158328,0.158328,0.080252,0.007583,0.243824,0.085496,0.005542,0.003367,0.964168,0.621499,0.257560,0.985439,0.860661,0.025985,0.971439
OT Repair,Capture-24,3,0.030912,0.030912,0.017913,0.028317,0.290274,0.259362,0.006058,0.010971,0.912349,0.676969,0.392002,0.961936,0.869743,0.064951,0.928357
OT Repair,Capture-24,4,0.030050,0.030050,0.016321,0.000040,0.170066,0.140016,0.009030,0.011622,0.961530,0.594841,0.206723,0.982960,0.810270,0.030156,0.966637
OT Repair,Capture-24,5,0.157852,0.157852,0.081751,0.026422,0.425394,0.267542,0.006420,0.012069,0.935639,0.684138,0.396503,0.971773,0.924623,0.047959,0.946069
OT Repair,Capture-24,42,0.004339,0.012753,0.008546,0.011061,0.228339,0.232678,0.015943,0.003191,0.938486,0.650444,0.327480,0.973408,0.944226,0.041832,0.948838
FLB,Capture-24,0,0.074161,0.074161,0.048390,0.016312,0.860588,0.786427,0.144517,0.167135,0.892917,0.574095,0.235483,0.912708,0.885595,0.155747,0.843307
FLB,Capture-24,3,0.078446,0.078446,0.042653,0.055376,0.846659,0.768212,0.123014,0.116154,0.890498,0.720959,0.515704,0.926215,0.909045,0.108515,0.871940
FLB,Capture-24,4,0.198578,0.198578,0.114821,0.043501,0.940822,0.742243,0.172346,0.141283,0.894596,0.573299,0.233226,0.913373,0.917659,0.129263,0.844332
FLB,Capture-24,5,0.097882,0.097882,0.060703,0.087574,0.958295,0.860413,0.104678,0.128202,0.904972,0.707007,0.480599,0.933415,0.941254,0.083512,0.881961
FLB,Capture-24,42,0.124809,0.124809,0.068874,0.016373,0.917678,0.792869,0.102005,0.089067,0.920623,0.715285,0.485052,0.945518,0.945697,0.073044,0.901462
FairTabDDPM,Capture-24,0,0.038298,0.038298,0.020164,0.002089,0.608824,0.570526,0.023535,0.025566,0.967101,0.736147,0.490857,0.981437,0.942603,0.029917,0.964181
FairTabDDPM,Capture-24,3,0.221770,0.221770,0.113830,0.033023,0.606205,0.384435,0.023978,0.029868,0.919918,0.730278,0.500687,0.959870,0.905562,0.065021,0.925710
FairTabDDPM,Capture-24,4,0.346248,0.346248,0.178822,0.025142,0.602413,0.256165,0.045847,0.034450,0.954008,0.645798,0.319576,0.972020,0.921985,0.046219,0.946250
FairTabDDPM,Capture-24,5,0.440343,0.440343,0.221650,0.022294,0.807229,0.366886,0.024702,0.021746,0.937180,0.716869,0.464904,0.968834,0.924784,0.050129,0.941098
FairTabDDPM,Capture-24,42,0.189157,0.189157,0.104759,0.027631,0.665724,0.476567,0.038545,0.018186,0.950424,0.762528,0.551851,0.973205,0.952095,0.042602,0.949433
SMOTE,Capture-24,0,0.289855,0.289855,0.146752,0.013836,0.501765,0.211910,0.011879,0.008230,0.969310,0.708169,0.430817,0.985520,0.883274,0.026010,0.971758
SMOTE,Capture-24,3,0.116671,0.116671,0.058685,0.023190,0.394391,0.277721,0.008641,0.009340,0.916948,0.697178,0.431110,0.963247,0.834026,0.064806,0.930954
SMOTE,Capture-24,4,0.201000,0.201000,0.104995,0.016883,0.343005,0.142005,0.022804,0.013814,0.960931,0.626703,0.272943,0.980463,0.861597,0.034980,0.961949
SMOTE,Capture-24,5,0.496247,0.496247,0.248961,0.010233,0.715477,0.219231,0.016330,0.014655,0.929621,0.661222,0.354262,0.968183,0.876027,0.056334,0.939354
SMOTE,Capture-24,42,0.057182,0.057182,0.031098,0.000513,0.313155,0.370336,0.017408,0.012392,0.944167,0.699022,0.424157,0.973888,0.917844,0.044681,0.950042
CTGAN,Capture-24,0,0.243061,0.243061,0.122664,0.010582,0.371471,0.128410,0.008527,0.006259,0.966480,0.664023,0.342792,0.985254,0.876276,0.025866,0.971156
CTGAN,Capture-24,3,0.140957,0.140957,0.071297,0.021399,0.402148,0.261191,0.009609,0.011245,0.914264,0.687656,0.413309,0.962003,0.889300,0.063377,0.928628
CTGAN,Capture-24,4,0.296222,0.296222,0.149006,0.008885,0.372594,0.076372,0.014442,0.016233,0.962253,0.629591,0.277488,0.981694,0.892999,0.030849,0.964293
CTGAN,Capture-24,5,0.229571,0.229571,0.115182,0.032968,0.636701,0.407129,0.013938,0.014730,0.945547,0.747709,0.521446,0.973971,0.924396,0.043613,0.950628
CTGAN,Capture-24,42,0.029845,0.029845,0.020439,0.007377,0.416764,0.446609,0.021258,0.010225,0.950255,0.739279,0.502724,0.975834,0.950378,0.038532,0.953908
