config_id,fold,delta_scale,ffnn_opt,reinforce_opt,alpha_f1_minority,alpha_f1_majority,alpha_f1_weighted,alpha_f1_macro,alpha_brier,alpha_acc,alpha_auc,alpha_dp_diff,alpha_eo_tpr_diff,alpha_eod_fpr_diff,alpha_eod_max_diff,alpha_eod_avg_diff,alpha_dp_rate_g0,alpha_dp_rate_g1,alpha_tpr_g0,alpha_tpr_g1,alpha_fpr_g0,alpha_fpr_g1,beta_f1_minority,beta_f1_majority,beta_f1_weighted,beta_f1_macro,beta_brier,beta_acc,beta_auc,beta_dp_diff,beta_eo_tpr_diff,beta_eod_fpr_diff,beta_eod_max_diff,beta_eod_avg_diff,beta_dp_rate_g0,beta_dp_rate_g1,beta_tpr_g0,beta_tpr_g1,beta_fpr_g0,beta_fpr_g1
0000,0,0.15514289520771124,adamw,adamw,0.5251942873001099,0.9842835664749146,0.9680198431015015,0.7547389268875122,0.02295864187180996,0.9695742130279541,0.9542788372447516,0.008664337121573489,0.28675324675324676,0.0007425139518431149,0.28675324675324676,0.14374788035254493,0.03358448563722762,0.024920148515654134,0.6467532467532467,0.36,0.012683164372039488,0.011940650420196373,0.46806201338768005,0.9663446545600891,0.9486924409866333,0.7172033190727234,0.05089864134788513,0.9366945028305054,0.9468904424306188,0.016821517732313607,0.026826651609260344,0.021658935060712328,0.026826651609260344,0.024242793334986336,0.09315467271715398,0.07633315498484038,0.7701298701298701,0.7969565217391305,0.07007835672229847,0.04841942166158614
0000,1,0.15514289520771124,adamw,adamw,0.5066748261451721,0.9724652767181396,0.9422310590744019,0.7395700216293335,0.03999284282326698,0.9478417038917542,0.9101284210812407,0.011202042012421795,0.05779847389154941,0.011098767250702992,0.05779847389154941,0.0344486205711262,0.03550041458096613,0.046702456593387925,0.3750887154009936,0.432887189292543,0.020141875842588433,0.009043108591885441,0.5642421245574951,0.9718086123466492,0.9453536868095398,0.7680253982543945,0.03924805670976639,0.947043240070343,0.9312888560477742,0.005185632150914117,0.020486302884895835,0.01779484715470747,0.020486302884895835,0.019140575019801653,0.05415655805669011,0.05934219020760423,0.5415188076650106,0.5210325047801148,0.03211465622391988,0.014319809069212411
0000,2,0.15514289520771124,adamw,adamw,0.46731773018836975,0.9728556275367737,0.9439113736152649,0.7200866937637329,0.04090895876288414,0.9483435153961182,0.9085262392858636,0.0029713051669277638,0.18944245003179844,0.002654961037053139,0.18944245003179844,0.0960487055344258,0.04128692392217698,0.03831561875524921,0.5067654639175257,0.3173230138857273,0.01670636270840422,0.01936132374545736,0.5114204287528992,0.9702795147895813,0.9440078139305115,0.7408499717712402,0.04166000708937645,0.9439675807952881,0.9293058722402108,0.0011642702048323544,0.08528277472830487,0.0006079162618070309,0.08528277472830487,0.04294534549505595,0.05681597828194687,0.057980248486779226,0.5621778350515464,0.4768950603232415,0.030129295678802313,0.029521379416995282
0001,0,0.12582818151973185,adamw,adamw,0.4313979744911194,0.9833542704582214,0.9638006687164307,0.7073761224746704,0.023162636905908585,0.9676553606987,0.9596187388415985,0.020069455288467188,0.42998306041784307,0.006845408585459378,0.42998306041784307,0.21841423450165123,0.03287811978252494,0.012808664494057752,0.6038961038961039,0.17391304347826086,0.013413608393465845,0.0065681998080064675,0.6267082691192627,0.9814859628677368,0.9689176082611084,0.8040971159934998,0.0288999080657959,0.9647216200828552,0.9692598467911626,0.010725399881036553,0.04373800112930548,0.005929092183553395,0.04373800112930548,0.024833546656429437,0.052977439102701314,0.06370283898373787,0.8097402597402598,0.8534782608695652,0.027181371463986897,0.03311046364754029
0001,1,0.12582818151973185,adamw,adamw,0.41847872734069824,0.9708964824676514,0.9350392818450928,0.6946876049041748,0.03888727352023125,0.9445672035217285,0.9090540174941382,0.0011398781415975535,0.04536786867270903,0.012817476720466178,0.04536786867270903,0.029092672696587607,0.030955378804164234,0.02981550066256668,0.336763662171753,0.291395793499044,0.017124606792065223,0.004307130071599045,0.5555858016014099,0.9719991087913513,0.944969892501831,0.7637924551963806,0.04019339382648468,0.9473174810409546,0.9296323105013183,0.02914113989492023,0.032031586075312035,0.005500757515632174,0.032031586075312035,0.018766171795472103,0.03979977274821116,0.06894091264313139,0.4865152590489709,0.518546845124283,0.019596199524940617,0.02509695704057279
0001,2,0.12582818151973185,adamw,adamw,0.46603307127952576,0.9757784008979797,0.9465932250022888,0.7209057211875916,0.03506533056497574,0.9536588788032532,0.9339214141649208,0.009511584632772949,0.23621738309071832,0.0010248647944425902,0.23621738309071832,0.11862112394258045,0.03454851011570034,0.025036925482927394,0.49162371134020616,0.25540632824948784,0.010411704661449472,0.009386839867006882,0.5624272227287292,0.9709287881851196,0.947540283203125,0.766677975654602,0.0406176894903183,0.945479691028595,0.9344622842453842,0.006727241922224597,0.11733822376742764,0.008438425831543087,0.11733822376742764,0.06288832479948536,0.07089069872664987,0.06416345680442527,0.6807345360824743,0.5633963123150466,0.03868662810479755,0.030248202273254466
0002,0,0.17617171395434755,adamw,adam,0.4895378351211548,0.9838636517524719,0.9663517475128174,0.7367007732391357,0.021556850522756577,0.9687162637710571,0.9604580038117897,0.013689883003301165,0.2958667419536985,0.005395114629718709,0.2958667419536985,0.1506309282917086,0.033648700714927864,0.0199588177116267,0.6006493506493507,0.30478260869565216,0.014321129753419806,0.008926015123701097,0.5576149821281433,0.978164792060852,0.9632664322853088,0.7678898572921753,0.03249800205230713,0.9583836793899536,0.9546729492452137,0.028144200676886638,0.05763410502540944,0.03440070446582423,0.05763410502540944,0.04601740474561684,0.07466073033948371,0.046516529662597075,0.7058441558441558,0.7634782608695653,0.05314533622559653,0.018744631759772302
0002,1,0.17617171395434755,adamw,adam,0.4153415858745575,0.9717075824737549,0.9355940818786621,0.6935245990753174,0.03977431729435921,0.9460270404815674,0.8999975752480116,0.012123572519444282,0.10828734155056202,0.007886091227381781,0.10828734155056202,0.0580867163889719,0.0216503393421982,0.03377391186164248,0.22498225691980128,0.3332695984703633,0.012454259485138345,0.0045681682577565635,0.555579662322998,0.9737560153007507,0.9466124176979065,0.7646678686141968,0.03871035575866699,0.9504387378692627,0.9268609984906845,0.015831629377599903,0.02016224571078845,0.006817128375888628,0.02016224571078845,0.01348968704333854,0.03909344962073519,0.05492507899833509,0.4641589779985806,0.48432122370936903,0.019869037683764523,0.013051909307875895
0002,2,0.17617171395434755,adamw,adam,0.4345582127571106,0.9746453762054443,0.9437230825424194,0.7046017646789551,0.03689870238304138,0.9514670372009277,0.9250621122792617,0.001639465590146296,0.15720600780060123,0.0030532355792818894,0.15720600780060123,0.08012962168994156,0.02944218214724323,0.027802716557096933,0.4178479381443299,0.2606419303437287,0.008931609390949303,0.011984844970231192,0.5906620025634766,0.9746525883674622,0.9526674747467041,0.782657265663147,0.03610800579190254,0.9522613286972046,0.9407120343378147,0.01504540705465067,0.150488138932369,0.01663459228598977,0.150488138932369,0.08356136560917939,0.05143494279619934,0.06648034985085001,0.6897551546391752,0.5392670157068062,0.017727118067369853,0.03436171035335962
0003,0,0.11262658534061014,sgd,adam,0.4699786901473999,0.9834560751914978,0.9652656316757202,0.7267173528671265,0.022910159081220627,0.9679136276245117,0.9622310252379129,0.02324163348328901,0.486335403726708,0.008345757822771183,0.486335403726708,0.2473405807747396,0.03833640138704568,0.015094767903756667,0.6928571428571428,0.20652173913043478,0.016025499136747976,0.007679741313976792,0.49504348635673523,0.967487633228302,0.9507508873939514,0.7312655448913574,0.04871751740574837,0.9389086365699768,0.9533418839566097,0.004968392932082316,0.07565217391304346,0.001103557637302223,0.07565217391304346,0.03837786577517284,0.08273042510381437,0.08769881803589669,0.8,0.8756521739130435,0.058280579042896984,0.05717702140559476
0003,1,0.11262658534061014,sgd,adam,0.35794058442115784,0.9701599478721619,0.9304211139678955,0.664050281047821,0.041048794984817505,0.9429702758789062,0.9120674344265612,0.00535620711026091,0.12169418936175119,0.009569148213287353,0.12169418936175119,0.06563166878751928,0.026456407579154254,0.021100200468893344,0.3239886444286728,0.20229445506692162,0.01299993580278616,0.003430787589498807,0.6184999346733093,0.9698306918144226,0.9470260143280029,0.794165313243866,0.045671507716178894,0.9440832734107971,0.9206976701118115,0.004633650027731223,0.24254186756266394,0.011863616868729568,0.24254186756266394,0.12720274221569675,0.07946135184104659,0.08409500186877782,0.8559261887863733,0.6133843212237093,0.04434422546061501,0.032480608591885445
0003,2,0.11262658534061014,sgd,adam,0.4815392792224884,0.9761050343513489,0.9477890133857727,0.7288221716880798,0.03410044685006142,0.9543156623840332,0.9394296090450708,0.011342821756149105,0.2555570336829211,0.0020657108730111565,0.2555570336829211,0.12881137227796613,0.03684312584836145,0.025500304092212343,0.5202963917525774,0.26473935806965626,0.01131337189520245,0.009247661022191293,0.5595564842224121,0.9663673639297485,0.9430756568908691,0.7629619240760803,0.046642106026411057,0.9375066757202148,0.934219902874674,0.03766929679740809,0.06479952290546576,0.034547174280343,0.06479952290546576,0.04967334859290438,0.06476633701764592,0.10243563381505401,0.7313144329896907,0.6665149100842249,0.029567880231371215,0.06411505451171422
0004,0,0.27470957199199836,sgd,adamw,0.3336288034915924,0.9821974039077759,0.9592211842536926,0.657913088798523,0.027024267241358757,0.9653213024139404,0.9133496774026428,0.014662688106169938,0.2879672501411632,0.005900832710605618,0.2879672501411632,0.1469340414258844,0.02495826019949484,0.010295572093324903,0.41753246753246753,0.12956521739130436,0.011576431006241976,0.005675598295636358,0.4620332717895508,0.962002694606781,0.944290816783905,0.7120180130004883,0.05315270274877548,0.9290188550949097,0.9574334381426043,0.00116247437901483,0.014138904573687272,0.005263461876745298,0.014138904573687272,0.009701183225216285,0.09717881758636927,0.09601634320735444,0.8519480519480519,0.8660869565217392,0.07145070609588738,0.06618724421914209
0004,1,0.27470957199199836,sgd,adamw,0.4024757146835327,0.9705893993377686,0.9337133765220642,0.6865325570106506,0.04299427196383476,0.943938136100769,0.8878357330358028,0.014035277244132387,0.2802962924765269,0.010944662576226529,0.2802962924765269,0.1456204775263767,0.035577188833952646,0.02154191158982026,0.4730305180979418,0.1927342256214149,0.015792514604866147,0.004847852028639618,0.532403826713562,0.9516504406929016,0.9244373440742493,0.7420271635055542,0.06603936105966568,0.9123625159263611,0.9383774687136796,0.01541849149926286,0.09827970150914567,0.011001998617078637,0.09827970150914567,0.05464085006311215,0.11519208918097226,0.13061058068023512,0.8325053229240597,0.734225621414914,0.08275020864094498,0.07174821002386635
0004,2,0.27470957199199836,sgd,adamw,0.40195709466934204,0.9747030735015869,0.9419108033180237,0.6883300542831421,0.035329319536685944,0.9514594078063965,0.9329075191986957,0.0006517099397192021,0.07621712788151724,0.00013696627424188666,0.07621712788151724,0.03817704707787956,0.024255057850171288,0.023603347910452085,0.32957474226804123,0.253357614386524,0.008132017693092889,0.007995051418851002,0.497097909450531,0.948579728603363,0.9227304458618164,0.722838819026947,0.060946471989154816,0.9066991209983826,0.9389104798763983,0.05496462596382702,0.06766556623588138,0.052013928565856744,0.06766556623588138,0.05983974740086906,0.09928252860190033,0.15424715456572735,0.8450386597938144,0.777373093557933,0.05990132698196666,0.1119152555478234
0005,0,0.15854295886344594,sgd,adam,0.4268852472305298,0.9834068417549133,0.9636915326118469,0.705146074295044,0.02507529966533184,0.9677475690841675,0.9409562451181993,0.021290020347237183,0.4421569734613213,0.007641291849431568,0.4421569734613213,0.22489913265537645,0.03296373988612526,0.011673719538888079,0.6038961038961039,0.1617391304347826,0.013502147062729647,0.005860855213298079,0.43719011545181274,0.9595985412597656,0.941091775894165,0.6983942985534668,0.05703355744481087,0.9246090650558472,0.9488739977364387,0.011922971117295553,0.022665160926030437,0.016552136988934152,0.022665160926030437,0.019608648957482294,0.10531272742840019,0.09338975631110463,0.812987012987013,0.8356521739130435,0.08118995971490549,0.06463782272597134
0005,1,0.15854295886344594,sgd,adam,0.4517897069454193,0.9720219373703003,0.9382539391517639,0.711905837059021,0.04067452624440193,0.9467609524726868,0.9052360437384319,0.01586896392650218,0.32741824952131005,0.012208074804845832,0.32741824952131005,0.16981316216307793,0.039738353345821945,0.023869389419319764,0.5507452093683464,0.22332695984703632,0.0166270783847981,0.004419003579952267,0.46409717202186584,0.9493712186813354,0.9178723096847534,0.7067341804504395,0.06699392199516296,0.9074829816818237,0.9102556554540275,0.008891443510208985,0.014639703517540292,0.016170612876934554,0.016170612876934554,0.015405158197237423,0.10350704787642416,0.11239849138663315,0.6266855926188787,0.6120458891013384,0.07984528471464339,0.06367467183770883
0005,2,0.15854295886344594,sgd,adam,0.4110228717327118,0.9748983979225159,0.9426141381263733,0.6929606199264526,0.03576161712408066,0.9518489241600037,0.9347437631674377,0.0036424446943854015,0.14466826910666217,0.0006161772268503361,0.14466826910666217,0.07264222316675625,0.02642039945704867,0.02277795476266327,0.37822164948453607,0.2335533803778739,0.007842803674719291,0.008458980901569628,0.4681257903575897,0.9588085412979126,0.9307147860527039,0.7134671807289124,0.05671050772070885,0.9235386848449707,0.9144650431763292,0.028011265104341182,0.07134959905754468,0.02632342172750092,0.07134959905754468,0.0488365103925228,0.07173098054424407,0.09974224564858525,0.6295103092783505,0.5581607102208058,0.04227628445049336,0.06859970617799428
0006,0,0.26632748194291,adamw,adam,0.5354889631271362,0.9831055998802185,0.9672483801841736,0.759297251701355,0.026124034076929092,0.9673970341682434,0.947312846458403,0.00515375739539272,0.19414455110107282,0.0006640948184089904,0.19414455110107282,0.0974043229597409,0.03769425061004324,0.032540493214650516,0.6467532467532467,0.45260869565217393,0.016933020496701933,0.016268925678292943,0.5154951810836792,0.9703040719032288,0.9541919827461243,0.7428996562957764,0.04597029089927673,0.9440380334854126,0.9564063010596495,0.03468200884469955,0.028362507058159125,0.040487310396940014,0.040487310396940014,0.034424908727549566,0.09981163577207929,0.06512962692737974,0.8233766233766234,0.8517391304347826,0.07514719553765106,0.03465988514071105
0006,1,0.26632748194291,adamw,adam,0.35257846117019653,0.9707930088043213,0.9306650161743164,0.6616857051849365,0.043955229222774506,0.9441074728965759,0.902267886878316,0.011032188075246373,0.08449356567382316,0.00467434407186227,0.08449356567382316,0.04458395487284271,0.016184012529558086,0.02721620060480446,0.17955997161107168,0.26405353728489483,0.008795018296205945,0.004120674224343675,0.5145768523216248,0.9689215421676636,0.939430296421051,0.7417491674423218,0.044628582894802094,0.9415830373764038,0.930652398036312,0.02222388430643938,0.1874221577485355,0.010112871035764588,0.1874221577485355,0.09876751439215004,0.04488222829591868,0.06710611260235806,0.3552164655784244,0.5426386233269599,0.030846761250561724,0.020733890214797136
0006,2,0.26632748194291,adamw,adam,0.45974528789520264,0.9718835949897766,0.9425614476203918,0.715814471244812,0.04112575203180313,0.9465488791465759,0.9166779655548342,0.0011801060886845877,0.19958386233018316,0.005160106579077287,0.19958386233018316,0.10237198445463022,0.042304957662723804,0.041124851574039216,0.5141752577319587,0.31459139540177555,0.017386866281047974,0.02254697286012526,0.4911889135837555,0.9666351675987244,0.939413845539093,0.7289120554924011,0.0479084812104702,0.937376856803894,0.931766330143112,0.025320548231241663,0.17223042281417716,0.03002158479668831,0.17223042281417716,0.10112600380543274,0.05246913580246913,0.0777896840337108,0.6288659793814433,0.4566355565672661,0.022031303164341612,0.05205288796102992
0007,0,0.05351042504100474,sgd,adamw,0.475635290145874,0.9833032488822937,0.9653186798095703,0.7294692993164062,0.022766372188925743,0.9676368832588196,0.963424919400475,0.02184343901993813,0.45852625635234334,0.007950705250045384,0.45852625635234334,0.23323848080119436,0.03872169185324714,0.016878252833309012,0.688961038961039,0.23043478260869565,0.01655673115233078,0.008606025902285397,0.46421176195144653,0.9643521308898926,0.9466341733932495,0.7142819166183472,0.05159597098827362,0.93315190076828,0.9494375480707922,0.014152762133354257,0.032665160926030445,0.016873539426305435,0.032665160926030445,0.02476935017616794,0.09739286784537009,0.08324010571201583,0.837012987012987,0.8043478260869565,0.07218115011731374,0.055307610691008306
0007,1,0.05351042504100474,sgd,adamw,0.3572596609592438,0.9701481461524963,0.9303658604621887,0.6637039184570312,0.04110429063439369,0.9429460763931274,0.9079289100655683,0.008418409662724686,0.1728883020516836,0.00957174449455266,0.1728883020516836,0.09123002327311813,0.027853698983508892,0.019435289320784206,0.3566359119943222,0.1837476099426386,0.01298388649932593,0.00341214200477327,0.5183213353157043,0.9664309024810791,0.9373443126678467,0.7423760890960693,0.04549553617835045,0.9372358322143555,0.9231227505803543,0.012090484801565826,0.1250897331685002,0.018762726207079986,0.1250897331685002,0.07192622968779008,0.059653594570524826,0.07174407937209065,0.43896380411639463,0.5640535372848948,0.04249855556268858,0.02373582935560859
0007,2,0.05351042504100474,sgd,adamw,0.48000001907348633,0.9761710166931152,0.9477630257606506,0.7280855178833008,0.034343231469392776,0.9544302225112915,0.9385872269169053,0.011427822517074606,0.25662187207389453,0.0020517579978177897,0.25662187207389453,0.12933681503585617,0.03640682567384138,0.024979003156766776,0.5177190721649485,0.26109720009105397,0.010990132698196665,0.008938374700378875,0.5882827639579773,0.9708025455474854,0.9489015936851501,0.7795426845550537,0.04136195033788681,0.9454720616340637,0.936351221601687,0.011514698518457461,0.08523070618439355,0.00808413566640876,0.08523070618439355,0.04665742092540115,0.06911317949712364,0.0806278780155811,0.7303479381443299,0.6451172319599363,0.03419530452534876,0.04227944019175752
0008,0,0.2063164573184081,sgd,adamw,0.46380406618118286,0.9835550785064697,0.9651424288749695,0.7236795425415039,0.02304712124168873,0.9680889248847961,0.9610784258783256,0.023687065002853586,0.4900734048560136,0.00862195747978311,0.4900734048560136,0.24934768116789835,0.03756582045464275,0.01387875545178916,0.6831168831168831,0.19304347826086957,0.01556067112311302,0.006938713643329909,0.49664539098739624,0.9687587022781372,0.9520335793495178,0.7327020168304443,0.046052925288677216,0.9411688446998596,0.9541601272954425,0.023952503357741864,0.0050705815923207664,0.02842875355412163,0.02842875355412163,0.0167496675732212,0.09508112504816131,0.07112862169041945,0.8162337662337662,0.821304347826087,0.07049891540130152,0.042070161847179884
0008,1,0.2063164573184081,sgd,adamw,0.37463101744651794,0.9704768657684326,0.9318008422851562,0.6725539565086365,0.040753770619630814,0.9436154961585999,0.9151118554971703,0.0076140186506398096,0.16261183568618565,0.010120488709334168,0.16261183568618565,0.0863661621977599,0.028867119122930933,0.021253100472291123,0.3658623136976579,0.20325047801147228,0.013625858637735123,0.0035053699284009546,0.6283152103424072,0.975030779838562,0.9525256752967834,0.8016729950904846,0.036997225135564804,0.9532051682472229,0.9135756730318452,0.00210169719718533,0.20197284053483,0.018095067761767968,0.20197284053483,0.11003395414829899,0.06198753186131499,0.05988583466412966,0.740596167494677,0.538623326959847,0.03129614174744816,0.013201073985680191
0008,2,0.2063164573184081,sgd,adamw,0.4730863571166992,0.9759223461151123,0.9471328258514404,0.7245043516159058,0.03433872386813164,0.9539490938186646,0.9385990447321814,0.01068176650155771,0.2464283178956212,0.0017718520349611407,0.2464283178956212,0.12410008496529117,0.03577661431064572,0.025094847809088012,0.5054768041237113,0.2590484862280901,0.010973120108880572,0.009201268073919432,0.5077223777770996,0.9638079404830933,0.9376950860023499,0.7357651591300964,0.04854346811771393,0.9325731992721558,0.9358059175443572,0.0527637605542553,0.0912178553744124,0.05333428992151478,0.0912178553744124,0.0722760726479636,0.05188740223644238,0.10465116279069768,0.6607603092783505,0.5695424539039381,0.019734603606668934,0.07306889352818371
0009,0,0.23256964408830622,sgd,adam,0.484354168176651,0.9834465384483337,0.9657657146453857,0.7339003682136536,0.02262290194630623,0.9679228663444519,0.9638605379146542,0.020419845674986368,0.43701298701298696,0.0072977338689612925,0.43701298701298696,0.22215536044097411,0.03840061646474592,0.017980770789759553,0.687012987012987,0.25,0.01629111514453938,0.008993381275578086,0.40486711263656616,0.9509115219116211,0.931567370891571,0.677889347076416,0.07284965366125107,0.9093039631843567,0.9454033002466804,0.04545746067768473,0.003162055335968361,0.05048844102189394,0.05048844102189394,0.02682524817893115,0.1428357378312428,0.09737827715355805,0.8727272727272727,0.8695652173913043,0.11795564212669883,0.06746720110480489
0009,1,0.23256964408830622,sgd,adam,0.3238023519515991,0.9696049690246582,0.9276862144470215,0.6467036604881287,0.041425127536058426,0.9418250322341919,0.9082791048045006,0.0017899907562348993,0.06295733382909921,0.008036203924901212,0.06295733382909921,0.035496768877000213,0.021972791204741576,0.020182800448506677,0.255500354861604,0.19254302103250479,0.011411054760223407,0.0033748508353221955,0.5517284870147705,0.9693272113800049,0.9422211050987244,0.7605278491973877,0.04371081292629242,0.9425831437110901,0.9102196657042393,0.0187388492056036,0.11139926747879991,0.012137669977062133,0.11139926747879991,0.06176846872793102,0.054279396861468536,0.07301824606707213,0.47196593328601844,0.5833652007648183,0.035388714129806764,0.02325104415274463
0009,2,0.23256964408830622,sgd,adam,0.49647438526153564,0.9763027429580688,0.9488305449485779,0.7363885641098022,0.03314743936061859,0.9547356963157654,0.942867567322067,0.008918681522449803,0.233223808495709,0.001079109605826474,0.233223808495709,0.11715145905076774,0.037344063085773385,0.028425381563323582,0.5264175257731959,0.2931937172774869,0.011517522966995576,0.010438413361169102,0.5058923959732056,0.9564465880393982,0.9306503534317017,0.7311694622039795,0.06263003498315811,0.9199492931365967,0.9301339491606924,0.007284290828115714,0.15081162392841474,0.007386585303001278,0.15081162392841474,0.07909910461570802,0.10091461443991985,0.10819890526803556,0.8041237113402062,0.6533120874117915,0.06378019734603607,0.07116678264903735
0010,0,0.10965398215380505,adam,adamw,0.38174694776535034,0.9827846884727478,0.9614923596382141,0.6822658181190491,0.024964751675724983,0.9665021300315857,0.9522072115154704,0.01643107946791872,0.3343817052512705,0.006272311305331079,0.3343817052512705,0.17032700827830077,0.028104799006806798,0.011673719538888079,0.4922077922077922,0.15782608695652173,0.012284740360352384,0.006012429055021305,0.5284631252288818,0.9713877439498901,0.955696702003479,0.749925434589386,0.03969426825642586,0.946049153804779,0.9664582561211802,0.026739148151100622,0.004105025409373297,0.031156112726791925,0.031156112726791925,0.01763056906808261,0.09420351898625798,0.06746437083515736,0.8558441558441559,0.8517391304347826,0.06824117933507459,0.03708506660828267
0010,1,0.10965398215380505,adam,adamw,0.4333416521549225,0.9711612462997437,0.9362516403198242,0.7022514343261719,0.04102768003940582,0.9451156854629517,0.9007474184134454,0.013825109193929735,0.2653401311155953,0.013206671132382164,0.2653401311155953,0.13927340112398873,0.03850996529803765,0.024684856104107915,0.4957416607523066,0.2304015296367113,0.017830776144315337,0.004624105011933174,0.5740081667900085,0.962756335735321,0.937522828578949,0.7683822512626648,0.052872586995363235,0.9315014481544495,0.9382262499266948,0.029588771014818563,0.01613799298961749,0.0014487237490468027,0.01613799298961749,0.008793358369332146,0.08184135368362866,0.11143012469844722,0.7004968062455642,0.7166347992351817,0.05386146241253129,0.05241273866348449
0010,2,0.10965398215380505,adam,adamw,0.4335537552833557,0.9750722050666809,0.9440678954124451,0.7043129801750183,0.03516032174229622,0.9522460103034973,0.9373574431460245,0.012318103103009754,0.2348858950861375,0.0036013045694949335,0.2348858950861375,0.11924359982781621,0.033546635640876475,0.02122853253786672,0.4568298969072165,0.22194400182107898,0.011194283769989792,0.007592979200494858,0.5445030927658081,0.9614224433898926,0.9375520348548889,0.7529627680778503,0.05227270349860191,0.9288692474365234,0.9403832490372579,0.060290725842804704,0.038990539072235375,0.05186532853765896,0.05186532853765896,0.04542793380494717,0.06710943054747592,0.12740015639028063,0.7197164948453608,0.7587070339175962,0.03264715889758421,0.08451248743524317
0011,0,0.2687718218340364,adamw,adam,0.3741891384124756,0.9826200008392334,0.9610657691955566,0.6784045696258545,0.025978121906518936,0.9661792516708374,0.9435308943259528,0.01667428195831222,0.35934500282326376,0.005597205256931036,0.35934500282326376,0.1824711040400974,0.028104799006806798,0.011430517048494576,0.5006493506493507,0.14130434782608695,0.01199698968524503,0.006399784428313994,0.5340466499328613,0.9718860387802124,0.9563751220703125,0.7529663443565369,0.04114720597863197,0.9469717144966125,0.9652537465329253,0.006047433624851273,0.023884810841332538,0.0017840764780196264,0.023884810841332538,0.012834443659676082,0.07493899567618477,0.08098642930103604,0.8435064935064935,0.8673913043478261,0.04874053742972243,0.05052461390774206
0011,1,0.2687718218340364,adamw,adam,0.4207092821598053,0.9706550240516663,0.9349583387374878,0.695682168006897,0.04186510667204857,0.9441397786140442,0.8947064931225138,0.012558489754180512,0.24211209827020236,0.012780890580828506,0.24211209827020236,0.12744649442551542,0.0374811903080183,0.02492270055383779,0.46983676366217175,0.2277246653919694,0.017927071965076716,0.00514618138424821,0.5865010619163513,0.9615476131439209,0.9372035264968872,0.7740243673324585,0.05218435451388359,0.9296383261680603,0.9441169708075507,0.025798972572204953,0.013994303216009585,0.006131094866628377,0.013994303216009585,0.01006269904131898,0.09300433006786844,0.1188033026400734,0.7778566359119943,0.7638623326959847,0.06203055787378828,0.0558994630071599
0011,2,0.2687718218340364,adamw,adam,0.44761988520622253,0.9753277897834778,0.9451141953468323,0.711473822593689,0.034525059163570404,0.9527653455734253,0.9391488168032411,0.007916021758510031,0.18002376379009716,0.0023857798589095574,0.18002376379009716,0.09120477182450336,0.03243164630599186,0.024515624547481827,0.43975515463917525,0.2597313908490781,0.01092208234093229,0.008536302482022733,0.5287682414054871,0.9555424451828003,0.931107759475708,0.7421553134918213,0.05756783112883568,0.9187502861022949,0.9437347688072757,0.05364735073899797,0.04653578443681483,0.04931051065471121,0.04931051065471121,0.04792314754576302,0.08687221252666279,0.14051956326566076,0.8234536082474226,0.7769178238106078,0.04797550187138482,0.09728601252609603
0012,0,0.08120267865702678,adamw,adam,0.3771720826625824,0.9826664328575134,0.9612162113189697,0.6799192428588867,0.024272486567497253,0.9662715196609497,0.9572592574880845,0.016592575541776365,0.32962732919254656,0.006593745056376927,0.32962732919254656,0.16811053712446175,0.028169014084507043,0.011576438542730678,0.4857142857142857,0.15608695652173912,0.012572491035459737,0.00597874597908281,0.5019495487213135,0.969352126121521,0.9527938961982727,0.7356508374214172,0.04476433992385864,0.9422574639320374,0.955039226264486,0.00502894697539015,0.12563523433088641,0.0131707686105371,0.12563523433088641,0.06940300147071175,0.08337257588081681,0.07834362890542666,0.7461038961038962,0.8717391304347826,0.060781796449599364,0.047611027839062264
0012,1,0.08120267865702678,adamw,adam,0.42343854904174805,0.9709061980247498,0.9353703856468201,0.6971724033355713,0.039875131100416183,0.9446075558662415,0.9063837155606983,0.009036627219891485,0.1768839215803351,0.013211392079044391,0.1768839215803351,0.09504765682968976,0.035454350029174214,0.02641772280928273,0.4283179559971611,0.251434034416826,0.01768633241317327,0.004474940334128878,0.5526732802391052,0.9696264266967773,0.9425622224807739,0.7611498832702637,0.04301413521170616,0.9431154727935791,0.929112106621098,0.01754602184609738,0.06520049341368728,0.0020889003955712818,0.06520049341368728,0.033644696904629276,0.05392623529773055,0.07147225714382793,0.5837473385379702,0.518546845124283,0.029964049560249086,0.027875149164677804
0012,2,0.08120267865702678,adamw,adam,0.4485614597797394,0.9753009080886841,0.9451428055763245,0.7119311690330505,0.03537910804152489,0.952719509601593,0.9348609666772997,0.01213886109629966,0.2399693250273983,0.003341544574733544,0.2399693250273983,0.12165543480106591,0.03488785469588262,0.02274899359958296,0.47648195876288657,0.23651263373548828,0.011568560734943858,0.008227016160210314,0.5513443350791931,0.9690772891044617,0.9451602101325989,0.7602108120918274,0.04349987581372261,0.9421423077583313,0.9368532626438453,0.015911258503607084,0.08174409381372894,0.013385612613830637,0.08174409381372894,0.04756485321377979,0.06331200310257902,0.0792232616061861,0.6688144329896907,0.5870703391759617,0.03133718952024498,0.04472280213407562
0013,0,0.19690426604385908,adamw,adam,0.6361516714096069,0.9857890009880066,0.973402738571167,0.8109703063964844,0.021807100623846054,0.9726463556289673,0.9584184335796152,0.005034515051586162,0.030897797854319564,0.007058116785039675,0.030897797854319564,0.01897795731967962,0.04261740656706195,0.03758289151547579,0.6935064935064935,0.662608695652174,0.020430297932622073,0.013372181147582398,0.5038385391235352,0.969292938709259,0.9528037309646606,0.7365657091140747,0.04680996760725975,0.9421652555465698,0.9565255714197471,0.033833156600359876,0.05368153585544888,0.04045988781922313,0.05368153585544888,0.04707071183733601,0.10038957147138149,0.06655641487102161,0.7967532467532468,0.8504347826086956,0.07665235291513568,0.036192465095912556
0013,1,0.19690426604385908,adamw,adam,0.537235677242279,0.9742895364761353,0.9459205269813538,0.7557625770568848,0.03895978257060051,0.9512856006622314,0.8995605990373097,0.002729927675852034,0.08757658700487309,0.012176204823892027,0.08757658700487309,0.04987639591438256,0.03906273991954058,0.041792667595392616,0.49254790631653655,0.40497131931166347,0.018552994800025677,0.006376789976133651,0.5431668162345886,0.9695455431938171,0.9418694972991943,0.7563561797142029,0.04543096944689751,0.9428976774215698,0.9366811325852029,0.026204600237693353,0.1440400213324069,0.005247083240191193,0.1440400213324069,0.07464355228629904,0.047646101403433345,0.0738507016411267,0.42938254080908445,0.5734225621414913,0.03038133145021506,0.025134248210023868
0013,2,0.19690426604385908,adamw,adam,0.43388721346855164,0.9708630442619324,0.9401187896728516,0.7023751139640808,0.04250694438815117,0.9445785284042358,0.9117420881161138,0.0053071326664755475,0.13886636659540363,0.008831489914769203,0.13886636659540363,0.07384892825508642,0.037845000323185315,0.04315213298966086,0.452319587628866,0.31345322103346235,0.015957808778496087,0.02478929869326529,0.43486589193344116,0.9589163064956665,0.9289121627807617,0.6968910694122314,0.05232281610369682,0.9234011769294739,0.9030852926046274,0.036899994726488757,0.0006869380997415186,0.04567432060863212,0.04567432060863212,0.02318062935418682,0.0977473983582186,0.06084740363172985,0.5151417525773195,0.514454814477578,0.0757060224566179,0.030031701847985773
0014,0,0.19391275354122212,adamw,adam,0.5063848495483398,0.9839839935302734,0.9670645594596863,0.7451844215393066,0.021618714556097984,0.9689745903015137,0.9613581642636253,0.012852132900416865,0.27884246188594014,0.0052517229766024815,0.27884246188594014,0.1420470924312713,0.03474035703583201,0.021888224135415146,0.6162337662337662,0.3373913043478261,0.014918765770950462,0.00966704279434798,0.5072292685508728,0.9713901281356812,0.954946756362915,0.7393096685409546,0.041055165231227875,0.9459199905395508,0.9550536773906877,0.027419473775111794,0.10618294748729529,0.03553298829893796,0.10618294748729529,0.07085796789311663,0.08992251380624171,0.06250304003112991,0.7220779220779221,0.8282608695652174,0.0683739873389703,0.032840999040032334
0014,1,0.19391275354122212,adamw,adam,0.410956472158432,0.9719258546829224,0.9355136156082153,0.6914411783218384,0.040068935602903366,0.9464061260223389,0.8997978383794182,0.012975248395085775,0.11120399181986326,0.00684406793612699,0.11120399181986326,0.05902402987799513,0.019915241224702885,0.03289048961978866,0.2157558552164656,0.32695984703632885,0.01105797008409835,0.00421390214797136,0.5723266005516052,0.9744120240211487,0.9483128190040588,0.773369312286377,0.038816288113594055,0.9517130851745605,0.9182263168016226,0.027777621753402933,0.1085018869409573,0.0006150038503006765,0.1085018869409573,0.05455844539562899,0.034809446304087464,0.0625870680574904,0.42725337118523776,0.5357552581261951,0.017060409578224304,0.016445405727923627
0014,2,0.19391275354122212,adamw,adam,0.4194945991039276,0.9743544459342957,0.9425863027572632,0.6969245076179504,0.0374540239572525,0.9508790373802185,0.9236591170687292,0.0001638614782272195,0.1318359397917493,0.00368579793042831,0.1318359397917493,0.0677608688610888,0.027276840540365846,0.027440702018593065,0.3872422680412371,0.25540632824948784,0.00826811840762164,0.01195391633804995,0.5680683255195618,0.9733483195304871,0.9501442909240723,0.7707083225250244,0.038288556039333344,0.949794590473175,0.931385054595643,0.01835135723483465,0.018067271385357686,0.010553559111822083,0.018067271385357686,0.014310415248589885,0.04930191972076789,0.06765327695560254,0.5660438144329897,0.5841110858183474,0.02201429057502552,0.0325678496868476
0015,0,0.20319329496715166,sgd,adamw,0.176762655377388,0.9804254770278931,0.9519549012184143,0.5785940885543823,0.029857181012630463,0.9617602229118347,0.8697309866318366,0.005265002310387217,0.053704121964991525,0.004011686179843857,0.053704121964991525,0.02885790407241769,0.014020291964553276,0.00875528965416606,0.14805194805194805,0.09434782608695652,0.009451502943910752,0.005439816764066895,0.4530477821826935,0.9605976939201355,0.9426172375679016,0.7068227529525757,0.055289700627326965,0.9264910817146301,0.9563252855853379,0.015677285362092758,0.029745906267645505,0.011639210450359136,0.029745906267645505,0.02069255835900232,0.09005094396164219,0.10572822932373495,0.8415584415584415,0.871304347826087,0.06443401655673116,0.0760732270070903
0015,1,0.20319329496715166,sgd,adamw,0.3732406795024872,0.9702808856964111,0.9315272569656372,0.6717607975006104,0.044332701712846756,0.9432525634765625,0.8727145086184636,0.0095971024833983,0.23832383190823267,0.007423962738113824,0.23832383190823267,0.12287389732317325,0.030187636274299053,0.020590533790900752,0.4151880766501065,0.17686424474187382,0.01277524555434294,0.005351282816229117,0.5416898131370544,0.9523021578788757,0.9256495237350464,0.7469959855079651,0.06319940090179443,0.9135964512825012,0.9418701688223255,0.02816065356488133,0.06291010941679209,0.0004651377336667428,0.06291010941679209,0.03168762357522942,0.11024782728864048,0.1384084808535218,0.8275372604684174,0.7646271510516253,0.0778070231751942,0.07734188544152745
0015,2,0.20319329496715166,sgd,adamw,0.38824543356895447,0.9745820760726929,0.9410117268562317,0.6814137697219849,0.03594999015331268,0.9511921405792236,0.9263206788109009,0.0004960060148765898,0.05241930989085258,0.00012916965962219383,0.05241930989085258,0.02627423977523739,0.022267468166246526,0.022763474181123115,0.3012242268041237,0.2488049169132711,0.0075365770670296015,0.007407407407407408,0.4448707699775696,0.9317582249641418,0.9038817882537842,0.6883144974708557,0.0727984830737114,0.8784576654434204,0.9329987909403571,0.0993962251749355,0.02953313143449865,0.09667850536622027,0.09667850536622027,0.06310581840035946,0.10926895481869305,0.20866517999362855,0.8679123711340206,0.838379239699522,0.06920721333787003,0.1658857187040903
0016,0,0.23940098049160918,adam,adam,0.4703880846500397,0.9837155342102051,0.9655303955078125,0.7270517945289612,0.02233314700424671,0.968402624130249,0.9611737119020294,0.01767201464837436,0.3881366459627329,0.006084173156827702,0.3881366459627329,0.1971104095597803,0.034290851491930306,0.016618836843555945,0.6285714285714286,0.24043478260869566,0.014033379078312452,0.00794920592148475,0.4287726879119873,0.9621111154556274,0.9432170987129211,0.6954419016838074,0.055138830095529556,0.9289358258247375,0.937025693215692,0.032917217783527755,0.045087521174477674,0.03557009500329536,0.045087521174477674,0.04032880808888652,0.1077100903292093,0.07479287254568154,0.7798701298701298,0.7347826086956522,0.08479791048740537,0.04922781548411001
0016,1,0.23940098049160918,adam,adam,0.40400001406669617,0.9710161089897156,0.9342113733291626,0.6875080466270447,0.03916895017027855,0.944720447063446,0.9076112504076796,0.004922693834036367,0.02861188725307262,0.010174534212058873,0.02861188725307262,0.019393210732565745,0.025504406842121425,0.03042710067615779,0.2700496806245564,0.29866156787762904,0.014444373114206844,0.0042698389021479715,0.5140658020973206,0.9685536026954651,0.9390529990196228,0.7413097023963928,0.04348810389637947,0.9409297704696655,0.9088296606851902,0.021716551298615036,0.18646939166000592,0.010760269150649409,0.18646939166000592,0.09861483040532766,0.04634093910266253,0.06805749040127756,0.3601845280340667,0.5466539196940726,0.03214675483084034,0.02138648568019093
0016,2,0.23940098049160918,adam,adam,0.4600650370121002,0.9754693508148193,0.9459601640701294,0.7177671790122986,0.03571544587612152,0.9530708193778992,0.9313229157081979,0.006323989409330783,0.2078592406851575,0.0007412190348314654,0.2078592406851575,0.10430022985999447,0.03299722060629565,0.02667323119696487,0.47100515463917525,0.26314591395401776,0.009867301803334467,0.010608520838165932,0.5679330825805664,0.9713863730430603,0.9482868909835815,0.7696597576141357,0.04188641905784607,0.9463273882865906,0.9335574347470231,0.0001312518562985171,0.22354030603983377,0.005036467030449052,0.22354030603983377,0.11428838653514141,0.06689936009307737,0.06703061194937589,0.7471005154639175,0.5235602094240838,0.03097992514460701,0.03601639217505606
0017,0,0.2807706099550442,sgd,adamw,0.48796334862709045,0.9834920167922974,0.9659374356269836,0.7357276678085327,0.02258044108748436,0.9680151343345642,0.9639782104813256,0.019401589814023776,0.41574251835121395,0.007029231411382474,0.41574251835121395,0.2113858748812982,0.0380795410762447,0.018677951262220924,0.6792207792207792,0.2634782608695652,0.016224711142591528,0.009195479731209055,0.6257405877113342,0.9822995066642761,0.9696680903434753,0.8040200471878052,0.027368102222681046,0.9661977291107178,0.9662587249732996,0.016004295659034995,0.013433088650479874,0.012646482638979727,0.013433088650479874,0.0130397856447298,0.04578535040027398,0.06178964605930898,0.7896103896103897,0.8030434782608695,0.020430297932622073,0.0330767805716018
0017,1,0.2807706099550442,sgd,adamw,0.3813354969024658,0.9707714319229126,0.9325114488601685,0.6760534644126892,0.040492188185453415,0.9441800713539124,0.905188067408041,0.008060294854055475,0.18136603397715043,0.00965765519025281,0.18136603397715043,0.09551184458370161,0.0291435064336824,0.021083211579626924,0.3828956706884315,0.20152963671128107,0.013144379533928227,0.0034867243436754176,0.6515512466430664,0.9747422337532043,0.9537640810012817,0.813146710395813,0.03820178285241127,0.9528986811637878,0.9269247622339106,0.009220215533811638,0.20159993052040492,0.009101283725945007,0.20159993052040492,0.10535060712317497,0.06588766391303012,0.07510787944684176,0.8094393186657204,0.6078393881453155,0.03225909995506195,0.023157816229116945
0017,2,0.2807706099550442,sgd,adamw,0.5007584691047668,0.9763057231903076,0.9490786194801331,0.7385320663452148,0.033315833657979965,0.9547585844993591,0.9428745394765032,0.009810374973606002,0.25340828954686573,0.0009198584575720644,0.25340828954686573,0.1271640740022189,0.03853984874927283,0.02872947377566683,0.5447809278350515,0.29137263828818577,0.011806736985369173,0.010886878527797109,0.530307948589325,0.9642772078514099,0.9394305944442749,0.7472925782203674,0.05089364945888519,0.9336041808128357,0.9294392772973205,0.059956420591108776,0.02532951321338306,0.053423795109966477,0.053423795109966477,0.03937665416167477,0.0524852950681921,0.11244171565930088,0.6398195876288659,0.665149100842249,0.021469887716910514,0.07489368282687699
0018,0,0.18044752518018464,adam,adam,0.5417867302894592,0.984846293926239,0.9691504836082458,0.7633165121078491,0.022893987596035004,0.9706628322601318,0.9556979044621651,0.010228740602857167,0.30793901750423486,0.001669760690080858,0.30793901750423486,0.15480438909715785,0.034419281647330796,0.02419054104447363,0.674025974025974,0.3660869565217391,0.012616760370091637,0.01094699968001078,0.584378182888031,0.978279173374176,0.9643248319625854,0.7813286781311035,0.0305549968034029,0.9587157964706421,0.9661539866876284,0.017209672405249406,0.0523884810841333,0.01945839081160223,0.0523884810841333,0.03592343594786776,0.07369750417398005,0.056487831768730644,0.8506493506493507,0.7982608695652174,0.047213245384921866,0.027754854573319637
0018,1,0.18044752518018464,adam,adam,0.442905992269516,0.9716975688934326,0.9373739957809448,0.7073017954826355,0.04063931107521057,0.9461318850517273,0.907118260014692,0.0030419826282427447,0.03677981074952469,0.009988073576825142,0.03677981074952469,0.023383942163174916,0.030341184780272087,0.03338316740851483,0.3537970191625266,0.3170172084130019,0.015712268087565,0.005724194510739857,0.5508918762207031,0.9666236042976379,0.9396387338638306,0.7587577104568481,0.049035925418138504,0.9378649592399597,0.9197245525681516,0.00404368537479452,0.13567261540465753,0.03114146969753613,0.13567261540465753,0.08340704255109682,0.07152289408224058,0.0755665794570351,0.49893541518807666,0.6346080305927342,0.052192334852667395,0.021050865155131264
0018,2,0.18044752518018464,adam,adam,0.5351970791816711,0.9738478660583496,0.9487332105636597,0.754522442817688,0.03868464007973671,0.9504818916320801,0.9239793099520717,0.005782589658831078,0.17121728628722827,0.009456126738147167,0.17121728628722827,0.09033670651268771,0.046231659233404436,0.052014248892235514,0.5982603092783505,0.42704302299112223,0.017080639673358284,0.02653676641150545,0.5071352124214172,0.9658754467964172,0.9396105408668518,0.7365053296089172,0.04904366284608841,0.936170220375061,0.9193624162776213,0.011847596052834766,0.19939106204575696,0.008363462835536267,0.19939106204575696,0.10387726244064661,0.07850171288216663,0.06665411682933187,0.6903994845360825,0.4910084224903255,0.04618917999319497,0.0378257171576587
0019,0,0.28744121830803016,sgd,adamw,0.5131237506866455,0.9839127659797668,0.9672346115112305,0.7485182285308838,0.022055773064494133,0.9688546657562256,0.9648706061303461,0.019128756509772225,0.4038904573687182,0.007319388766049111,0.4038904573687182,0.20560492306738365,0.039428057707949826,0.0202993011981776,0.7051948051948052,0.30130434782608695,0.01673380849085838,0.00941441972480927,0.4068284332752228,0.9527584314346313,0.9334182739257812,0.6797934174537659,0.06951245665550232,0.912486732006073,0.941062409337988,0.038051720130085606,0.0017221908526255936,0.04290346495225511,0.04290346495225511,0.022312827902440352,0.1337600068496083,0.09570828671952268,0.8461038961038961,0.8478260869565217,0.10947806454468989,0.06657459959243478
0019,1,0.28744121830803016,sgd,adamw,0.46909239888191223,0.9731082916259766,0.9403928518295288,0.7211003303527832,0.038656022399663925,0.9488095641136169,0.9046917707786404,0.007594542704433518,0.22726287034863285,0.0102776756448794,0.22726287034863285,0.11877027299675613,0.03511654331603353,0.027522000611600015,0.49609652235628104,0.2688336520076482,0.014267830776144316,0.003990155131264916,0.6124899983406067,0.9706017374992371,0.9473568797111511,0.7915458679199219,0.043269939720630646,0.9453495740890503,0.9289904837406473,0.026082272722153674,0.0185927125132479,0.004015269274753805,0.0185927125132479,0.011303990894000852,0.06373798482940761,0.08982025755156128,0.6533002129169624,0.6718929254302103,0.037073890993130895,0.03305862171837709
0019,2,0.28744121830803016,sgd,adamw,0.5151389837265015,0.9764696955680847,0.9500564932823181,0.7458043098449707,0.03344350680708885,0.9551175236701965,0.9421763229168697,0.00761917919675946,0.24927441384020033,0.0008832918482927967,0.24927441384020033,0.12507885284424655,0.03933165276969815,0.03171247357293869,0.5625,0.3132255861597997,0.01170466144947261,0.012587953297765407,0.5773544311523438,0.9714224934577942,0.9488604068756104,0.7743884325027466,0.04033403843641281,0.9464648365974426,0.9386953852652352,0.027315965534804483,0.04487105775120204,0.02299297026076262,0.04487105775120204,0.03393201400598233,0.055006140520974724,0.0823221060557792,0.6649484536082474,0.6200773958570454,0.02279686968356584,0.04578983994432846
0020,0,0.2990644598383932,adamw,adam,0.44930729269981384,0.9833775758743286,0.964457631111145,0.7163424491882324,0.02262732945382595,0.9677291512489319,0.960735694829675,0.01953656707472454,0.41924901185770747,0.006788631301748675,0.41924901185770747,0.21301882157972807,0.034290851491930306,0.014754284417205766,0.6227272727272727,0.20347826086956522,0.014232591084156004,0.007443959782407329,0.6034196615219116,0.980349063873291,0.9669959545135498,0.7918843626976013,0.030522828921675682,0.9625536203384399,0.9648122997465449,0.002115310203379621,0.009124788255223004,0.0016000557049394674,0.009124788255223004,0.005362421980081236,0.05779356993021961,0.059908880133599234,0.7987012987012987,0.8078260869565217,0.03253796095444685,0.030937905249507385
0020,1,0.2990644598383932,adamw,adam,0.40949195623397827,0.9708298444747925,0.9343937039375305,0.690160870552063,0.03923766687512398,0.9444059133529663,0.9047061113781345,0.0012313050050636772,0.012091892192637566,0.011910455267029002,0.012091892192637566,0.012001173729833284,0.028652151214568683,0.02988345621963236,0.3048261178140525,0.29273422562141493,0.016161648584451436,0.004251193317422434,0.617344081401825,0.9735772013664246,0.9504542350769043,0.7954606413841248,0.03873627260327339,0.9505677819252014,0.9233686525833784,0.020984650666109238,0.12606638286785177,0.0017584449021666657,0.12606638286785177,0.06391241388500922,0.05431010656266314,0.07529475722877238,0.6962384669978708,0.5701720841300191,0.025277652949861975,0.02703609785202864
0020,2,0.2990644598383932,adamw,adam,0.46003174781799316,0.975573718547821,0.9460566639900208,0.7178027629852295,0.03551551699638367,0.9532617330551147,0.9321327861480639,0.008015691701401019,0.2224588203820042,0.00017274230390475036,0.2224588203820042,0.11131578134295447,0.033530476375153516,0.025514784673752497,0.47809278350515466,0.25563396312315045,0.0100544402858115,0.00988169798190675,0.5752794742584229,0.972996711730957,0.9502256512641907,0.7741380929946899,0.03956373408436775,0.9492217898368835,0.9324178227328033,0.0240069734122764,0.05751601364401193,0.020700048647612938,0.05751601364401193,0.03910803114581243,0.049641264300950165,0.07364823771322657,0.6343427835051546,0.5768267698611427,0.018764886015651582,0.03946493466326452
0021,0,0.1967686754281583,adamw,adam,0.4387604594230652,0.983753502368927,0.9644465446472168,0.7112569808959961,0.02354075014591217,0.9684210419654846,0.9584895497086862,0.017694855421670534,0.3831394692264258,0.006081761258322655,0.3831394692264258,0.19461061524237422,0.030908857399717455,0.013214001978046922,0.577922077922078,0.19478260869565217,0.012262605693036433,0.0061808444347137784,0.4580526649951935,0.9652474522590637,0.9472795128822327,0.7116500735282898,0.05000810697674751,0.9346833229064941,0.9479431267733889,0.0025777399031987475,0.07905138339920947,0.003397386068499819,0.07905138339920947,0.041224384733854647,0.08362943619161779,0.08620717609481654,0.7318181818181818,0.8108695652173913,0.061534375138341674,0.058136989069841855
0021,1,0.1967686754281583,adamw,adam,0.41738396883010864,0.9707613587379456,0.9348418712615967,0.6940726637840271,0.039650626480579376,0.9443172216415405,0.9068127214374612,0.006855564368037165,0.13765305527020372,0.013072140910432937,0.13765305527020372,0.07536259809031833,0.033918864969443845,0.02706330060140668,0.39673527324343505,0.25908221797323133,0.01750979007511074,0.0044376491646778045,0.5239940285682678,0.9654629826545715,0.9368074536323547,0.7447285056114197,0.04720928892493248,0.935598611831665,0.9239381885116761,0.013970828713865485,0.013599952232778323,0.010752442003026615,0.013599952232778323,0.012176197117902469,0.06375333968000492,0.0777241683938704,0.5372604684173172,0.5508604206500956,0.04233806252808628,0.031585620525059664
0021,2,0.1967686754281583,adamw,adam,0.45270270109176636,0.9754385352134705,0.9455096125602722,0.7140706181526184,0.03533390536904335,0.9529868364334106,0.9346041115353887,0.012171807203850735,0.2440417451850531,0.003189979544114171,0.2440417451850531,0.12361586236458363,0.03506560661883524,0.022893799414984504,0.48260309278350516,0.23856134759845207,0.011432460020415107,0.008242480476300936,0.4966169595718384,0.9657113552093506,0.9388536214828491,0.7311641573905945,0.047981344163417816,0.9357960224151611,0.9244697925074413,0.005388550019319691,0.1413030277784948,0.006753854575497285,0.1413030277784948,0.07402844117699604,0.0674487751276582,0.0728373251469779,0.6359536082474226,0.49465058046892785,0.0374276964954066,0.044181551070903886
0022,0,0.0792835733021295,adam,adamw,0.3739085793495178,0.9826640486717224,0.9610982537269592,0.6782863140106201,0.024639388546347618,0.9662622809410095,0.9549978442864998,0.015520407487558228,0.3068774703557312,0.006283859713953623,0.3068774703557312,0.15658066503484241,0.027291408022603707,0.011771000535045479,0.4681818181818182,0.16130434782608696,0.012262605693036433,0.00597874597908281,0.6041275858879089,0.979527473449707,0.9662285447120667,0.7918275594711304,0.029925309121608734,0.961068332195282,0.9691213991738797,0.0014142840657270228,0.042665160926030454,0.0066044174276753825,0.042665160926030454,0.02463478917685292,0.06372276210454214,0.06230847803881512,0.812987012987013,0.8556521739130435,0.03818230112001417,0.031577883692338785
0022,1,0.0792835733021295,adam,adamw,0.4302782118320465,0.971106767654419,0.9360018372535706,0.7006924748420715,0.04053536057472229,0.9450027346611023,0.9041052771262712,0.011723103136306309,0.23063982293559432,0.012998030187399177,0.23063982293559432,0.12181892656149675,0.03718944814666953,0.025466345010363222,0.46983676366217175,0.23919694072657743,0.01762213519933235,0.004624105011933174,0.552401602268219,0.9601833820343018,0.9337145090103149,0.756292462348938,0.05507262051105499,0.9268719553947449,0.9410488734403994,0.04246427574872927,0.013059585537930851,0.0151779308996665,0.0151779308996665,0.014118758218798676,0.07830973804624881,0.12077401379497808,0.7036905606813343,0.6906309751434034,0.05002567888553637,0.06520360978520287
0022,2,0.0792835733021295,adam,adamw,0.44040659070014954,0.975192129611969,0.9445733428001404,0.7077993750572205,0.03544585406780243,0.9524903893470764,0.9355243224647523,0.012352931938876262,0.23666077240971461,0.0036353481642912326,0.23666077240971461,0.12014806028700292,0.03416068773834917,0.021807755799472906,0.4652061855670103,0.2285454131572957,0.01139843484178292,0.0077630866774916875,0.5988898873329163,0.970047652721405,0.9487972259521484,0.7844687700271606,0.042166344821453094,0.9442577362060547,0.9464058122472665,0.024324553596973372,0.06759135022681362,0.020016634005599623,0.06759135022681362,0.04380399211620662,0.06888694977700213,0.0932115033739755,0.7664304123711341,0.6988390621443205,0.032051718271520924,0.05206835227712055
0023,0,0.2539782741334149,adam,adam,0.5259759426116943,0.984617292881012,0.9683694839477539,0.7552965879440308,0.022764358669519424,0.9702015519142151,0.9566473785726811,0.009864055905545097,0.3050028232636928,0.001296357795497121,0.3050028232636928,0.15314959052959498,0.03304935998972559,0.02318530408418049,0.6493506493506493,0.3443478260869565,0.012041259019876932,0.010744901224379811,0.5402513146400452,0.9735920429229736,0.9582405090332031,0.756921648979187,0.039137475192546844,0.9500530362129211,0.9633523860547877,0.025979426424891462,0.012699040090344393,0.030883743403186385,0.030883743403186385,0.02179139174676539,0.08799606147523438,0.06201663505034292,0.8207792207792208,0.8334782608695652,0.06301739784851033,0.03213365444532395
0023,1,0.2539782741334149,adam,adam,0.4507802724838257,0.9724251627922058,0.9385654926300049,0.7116026878356934,0.040283203125,0.9474868774414062,0.9107246491081114,0.012926717655302511,0.0789603029961718,0.0069054258788008695,0.0789603029961718,0.04293286443748633,0.0245677609556859,0.03749447861098841,0.28069552874378995,0.35965583173996174,0.01298388649932593,0.00607846062052506,0.5417940616607666,0.9690372943878174,0.9413051605224609,0.755415678024292,0.04580029100179672,0.9419943690299988,0.9247861384821997,0.01886262241755201,0.10966865561054517,0.011134824318731962,0.10966865561054517,0.060401739964638566,0.05272855695114086,0.07159117936869287,0.45706174591909154,0.5667304015296367,0.0344418052256532,0.02330698090692124
0023,2,0.2539782741334149,adam,adam,0.4949752688407898,0.9746055603027344,0.947144627571106,0.7347904443740845,0.03813944011926651,0.9516426920890808,0.9135610856599109,0.0074579782481054915,0.15243630917039996,0.01123067016394885,0.15243630917039996,0.08183348966717441,0.03456466938142331,0.0420226476295288,0.5032216494845361,0.3507853403141361,0.009816264035386185,0.021046934199335034,0.5455814003944397,0.9708964228630066,0.9465453028678894,0.7582389116287231,0.04181497171521187,0.9452964067459106,0.9361171365815015,0.014356692120311113,0.1598054748533867,0.01693554792442332,0.1598054748533867,0.088370511388905,0.05555555555555555,0.06991224767586666,0.6672036082474226,0.5073981333940359,0.023256209595100375,0.040191757519523696
0024,0,0.2542800757547208,sgd,adam,0.4965577721595764,0.9836304783821106,0.966375470161438,0.7400941252708435,0.02249450981616974,0.9682918787002563,0.9642477107841966,0.018756963526705576,0.39813099943534724,0.0070441486494934435,0.39813099943534724,0.20258757404242034,0.03822937625754527,0.019472412730839696,0.6798701298701298,0.2817391304347826,0.01635751914648723,0.009313370496993786,0.43530648946762085,0.9601956009864807,0.9416008591651917,0.6977510452270508,0.061124615371227264,0.9256330728530884,0.944911074016068,0.06190273485293907,0.04232072275550536,0.06897175904909073,0.06897175904909073,0.05564624090229804,0.13149107410419966,0.0695883392512606,0.7837662337662338,0.8260869565217391,0.10925671787153039,0.04028495882243967
0024,1,0.2542800757547208,sgd,adam,0.48050543665885925,0.9735152125358582,0.9415141940116882,0.7270103096961975,0.03845789283514023,0.9495999813079834,0.9059513391447073,0.008957207827680062,0.2506821077829359,0.010778981767071977,0.2506821077829359,0.13073054477500395,0.03636028621441514,0.027403078386735075,0.5220014194464159,0.27131931166347995,0.014396225203826154,0.0036172434367541767,0.5611671209335327,0.9675628542900085,0.941183865070343,0.7643649578094482,0.04633914306759834,0.9395909309387207,0.9040227616104305,0.0035626696762250387,0.10546500440354079,0.02443190804346657,0.10546500440354079,0.06494845622350368,0.07444031569572829,0.07087764601950325,0.6635911994322214,0.5581261950286807,0.04779482570456442,0.02336291766109785
0024,2,0.2542800757547208,sgd,adam,0.5057104229927063,0.9764537811279297,0.9495016932487488,0.7410820722579956,0.03342520073056221,0.9550487995147705,0.9420859220867117,0.008252355283762784,0.23605589726861614,0.00036929933888338665,0.23605589726861614,0.11821259830374976,0.0380389115118609,0.02978655622809812,0.5399484536082474,0.30389255633963125,0.01153453555631167,0.011165236217428284,0.5183150172233582,0.9561746716499329,0.9311053156852722,0.7372448444366455,0.062497708946466446,0.9196590781211853,0.9248489215714097,0.027593958817817635,0.14876335008131492,0.028272037367344093,0.14876335008131492,0.08851769372432951,0.0949841639195915,0.12257812273740913,0.842139175257732,0.693375825176417,0.05552909152773052,0.08380112889507461
0025,0,0.20158460443855475,sgd,adam,0.07061959058046341,0.9802861213684082,0.9480602741241455,0.5254528522491455,0.033653486520051956,0.9613912105560303,0.7523231642436995,0.0023040781897051233,0.030609824957651043,0.001450797211224721,0.030609824957651043,0.016030311084437882,0.007427543987328224,0.005123465797623101,0.05974025974025974,0.029130434782608697,0.005644340165567312,0.004193542954342591,0.4525139629840851,0.9602398872375488,0.9422531723976135,0.7063769102096558,0.056365642696619034,0.9258637428283691,0.9577443976356144,0.015530676361066309,0.02153020892151336,0.020420405420932985,0.02153020892151336,0.020975307171223173,0.10882315167601353,0.09329247531494722,0.8519480519480519,0.8734782608695653,0.08349196511576432,0.06307155969483133
0025,1,0.20158460443855475,sgd,adam,0.3254499137401581,0.9698394536972046,0.9280124306678772,0.6476446986198425,0.04615660011768341,0.9422605633735657,0.8421208946082004,0.00590942102313019,0.20930307352216765,0.0031796293966856164,0.20930307352216765,0.10624135145942663,0.023492921413874643,0.017583500390744453,0.35060326472675657,0.14130019120458892,0.008698722475444566,0.00551909307875895,0.525894820690155,0.9462373852729797,0.9189531803131104,0.7360661029815674,0.07441644370555878,0.9034261107444763,0.9430099046054876,0.01849036107040483,0.08172415243714604,0.010863876214365367,0.08172415243714604,0.0462940143257557,0.13000952000737032,0.14849988107777515,0.8782824698367636,0.7965583173996176,0.09616742633369711,0.08530355011933174
0025,2,0.20158460443855475,sgd,adam,0.32538628578186035,0.973848819732666,0.9367215037345886,0.6496175527572632,0.03824741765856743,0.949649453163147,0.9032041525752025,0.0012056261129870342,0.059207214617444354,0.0007259191487775339,0.059207214617444354,0.029966566883110946,0.018017581281106587,0.016811955168119553,0.24677835051546393,0.18757113589801958,0.005937393671316775,0.005211474522539241,0.48430493474006653,0.941851794719696,0.915655255317688,0.7130783796310425,0.06844702363014221,0.8954880833625793,0.9406295549124101,0.05550169024449969,0.06621160714914309,0.05197363794510654,0.06621160714914309,0.059092622547124815,0.1161366427509534,0.17163833299545309,0.8959407216494846,0.8297291145003415,0.07495746852670976,0.1269311064718163
0026,0,0.29512916266181716,adam,adam,0.448248028755188,0.983774721622467,0.9648030996322632,0.7160114049911499,0.023100905120372772,0.968476414680481,0.9596705083448903,0.018503135047969438,0.39717673630717104,0.006471043540946502,0.39717673630717104,0.20182388992405878,0.032235969005522495,0.01373283395755306,0.5993506493506493,0.20217391304347826,0.01290451104519899,0.006433467504252489,0.5449016094207764,0.9767825603485107,0.9614827632904053,0.7608420848846436,0.035321369767189026,0.9558190107345581,0.9546148221928649,0.013867772348611973,0.02687182382834552,0.018518151135111793,0.02687182382834552,0.022694987481728657,0.06954492914936428,0.0556771568007523,0.7305194805194806,0.7573913043478261,0.047014033379078314,0.02849588224396652
0026,1,0.29512916266181716,adam,adam,0.412304550409317,0.9707207083702087,0.9344741702079773,0.6915126442909241,0.03908278048038483,0.9442204236984253,0.9084891590597866,0.0014241241766379392,0.046709557651101186,0.012753279506625258,0.046709557651101186,0.029731418578863224,0.030678991493412768,0.02925486731677483,0.3317955997161107,0.28508604206500954,0.017060409578224304,0.004307130071599045,0.5658352971076965,0.9733244180679321,0.9468744993209839,0.7695798873901367,0.0375743992626667,0.9497370719909668,0.9195302744727084,0.029636335000561627,0.17526295719812673,0.0030705424917374796,0.17526295719812673,0.08916674984493211,0.03679022203113964,0.06642655703170126,0.3907026259758694,0.5659655831739961,0.020783847980997625,0.017713305489260145
0026,2,0.29512916266181716,adam,adam,0.47038114070892334,0.9759822487831116,0.9470343589782715,0.7231817245483398,0.03489049896597862,0.9540483355522156,0.9339861771324971,0.01038230225349766,0.23955094327667492,0.0017996472883632184,0.23955094327667492,0.12067529528251907,0.034984810290220415,0.024602508036722755,0.49677835051546393,0.257227407238789,0.010598843143926506,0.008799195855563288,0.5439855456352234,0.971369206905365,0.9468995928764343,0.7576773762702942,0.03979644924402237,0.9461211562156677,0.937888242096628,0.0012428066042810895,0.08288351489365697,0.0013565070240433817,0.08288351489365697,0.04212001095885018,0.06024174261521557,0.061484549219496656,0.6098582474226805,0.5269747325290235,0.031218101395032324,0.029861594370988943
0027,0,0.2295283316148355,adamw,adam,0.38351497054100037,0.9828369617462158,0.9616053700447083,0.6831759810447693,0.02488243579864502,0.9666036367416382,0.952519831069772,0.01656014854305723,0.33871259175607005,0.00625643191729097,0.33871259175607005,0.1724845118366805,0.028169014084507043,0.011608865541449812,0.4961038961038961,0.15739130434782608,0.012218336358404533,0.005961904441113563,0.6171396374702454,0.9806453585624695,0.9677678346633911,0.7988924980163574,0.028902700170874596,0.9631533026695251,0.9691719718887986,0.006851729112859847,0.03355731225296432,0.002278796376279882,0.03355731225296432,0.017918054314622102,0.05691596386831628,0.06376769298117613,0.8181818181818182,0.8517391304347826,0.03096639957501439,0.03324519595129427
0027,1,0.2295283316148355,adamw,adam,0.43429046869277954,0.971194326877594,0.9363442063331604,0.7027423977851868,0.04093416407704353,0.9451801776885986,0.901698326300606,0.013787863338058665,0.26618596376476267,0.013155926940736166,0.26618596376476267,0.1396709453527494,0.038540674999232256,0.02475281166117359,0.4971611071682044,0.2309751434034417,0.017798677537394877,0.004642750596658711,0.5871294736862183,0.9635666608810425,0.9391323328018188,0.7753480672836304,0.049930229783058167,0.9330419301986694,0.9468660126098677,0.05329089581175052,0.08787852469850332,0.01831438111051374,0.08787852469850332,0.05309645290450853,0.07196818474956239,0.1252590805613129,0.6763662171753017,0.764244741873805,0.04463311292289915,0.06294749403341289
0027,2,0.2295283316148355,adamw,adam,0.4324961304664612,0.9750493764877319,0.9439858198165894,0.703772783279419,0.035164400935173035,0.9522002339363098,0.937553410660442,0.0124629089184113,0.23670697407543864,0.0036322332016761752,0.23670697407543864,0.12016960363855742,0.033546635640876475,0.021083726722465175,0.4568298969072165,0.22012292283177784,0.011194283769989792,0.0075620505683136165,0.5223880410194397,0.9597210884094238,0.9346818923950195,0.7410545349121094,0.05462482571601868,0.9257075786590576,0.9361558662105532,0.06293162038021925,0.005689478457996722,0.057792990581684286,0.057792990581684286,0.031741234519840504,0.06510568159782819,0.12803730197804744,0.7129510309278351,0.7072615524698384,0.030894862198026538,0.08868785277971082
0028,0,0.2198367987252447,sgd,adamw,0.4670769274234772,0.9835274815559387,0.965231716632843,0.7253022193908691,0.022944236174225807,0.96804279088974,0.9616551844722874,0.023569736988908487,0.49243365330321853,0.008440069391609815,0.49243365330321853,0.25043686134741416,0.03795111092084422,0.01438137393193573,0.6902597402597402,0.19782608695652174,0.015715613794324672,0.0072755444027148555,0.4611160457134247,0.9642818570137024,0.9464567303657532,0.7126989364624023,0.05400596931576729,0.9330043196678162,0.9479842571891987,0.02881224592342363,0.05099378881987582,0.03503308225971909,0.05099378881987582,0.04301343553979745,0.10529132240250011,0.07647907647907648,0.7785714285714286,0.8295652173913044,0.0823409624153349,0.04730788015561581
0028,1,0.2198367987252447,sgd,adamw,0.3800106942653656,0.9706019163131714,0.9322669506072998,0.6753063201904297,0.040868811309337616,0.9438655376434326,0.9137889708282991,0.009241321344897344,0.19228735783484213,0.01021418824883024,0.19228735783484213,0.10125077304183619,0.030018732917728712,0.020777411572831368,0.38999290276792054,0.1977055449330784,0.013738203761956731,0.0035240155131264915,0.534054160118103,0.967664897441864,0.9395194053649902,0.7508594989776611,0.044840529561042786,0.939526379108429,0.9186021458578185,0.009321321415601345,0.08987742008150285,0.02023761865184932,0.08987742008150285,0.055057519366676085,0.06045204680158462,0.06977336821718597,0.4755145493257629,0.5653919694072658,0.04168004108621686,0.02144242243436754
0028,2,0.2198367987252447,sgd,adamw,0.4780793786048889,0.9760372042655945,0.9475269317626953,0.7270582914352417,0.034141842275857925,0.9541782140731812,0.9392469818202572,0.010633492748521434,0.24974068398412652,0.0016017445579643123,0.24974068398412652,0.1256712142710454,0.03614827742227393,0.025514784673752497,0.5128865979381443,0.26314591395401776,0.010973120108880572,0.00937137555091626,0.5074642896652222,0.9621496796607971,0.9361169934272766,0.734807014465332,0.05405145511031151,0.9297016859054565,0.9167330836637516,0.041897187631453434,0.0201550733242436,0.0373242265927989,0.0373242265927989,0.02873964995852125,0.06337664016547088,0.10527382779692432,0.6443298969072165,0.6241748235829729,0.032698196665532496,0.0700224232583314
0029,0,0.06750107523208347,adam,adamw,0.4812817871570587,0.983513593673706,0.965721607208252,0.7323976755142212,0.022338680922985077,0.96804279088974,0.9583733927418583,0.012370040020523363,0.25859401468097126,0.005343148095653699,0.25859401468097126,0.13196858138831247,0.033220600196926235,0.020850560176402872,0.5733766233766234,0.31478260869565217,0.014808092434370711,0.009464944338717012,0.5361126065254211,0.9736364483833313,0.9581367373466492,0.7548745274543762,0.03974790871143341,0.9501084089279175,0.9543272617183142,0.0001331819691174907,0.008949745906267736,0.0036311937202262723,0.008949745906267736,0.006290469813247004,0.07204931717967379,0.07218249914879128,0.8084415584415584,0.8173913043478261,0.04694762937713046,0.04331643565690419
0029,1,0.06750107523208347,adam,adamw,0.4226686656475067,0.9721824526786804,0.9365138411521912,0.6974255442619324,0.04008267819881439,0.9469223022460938,0.9052974379229195,0.016597124321709476,0.1520844557047226,0.0060977729312371234,0.1520844557047226,0.07909111431797985,0.0191474986948377,0.035744623016547176,0.20049680624556424,0.35258126195028683,0.010945624959876742,0.004847852028639618,0.558000922203064,0.9720122218132019,0.9451389312744141,0.7650065422058105,0.03827310726046562,0.9473578333854675,0.928358183977899,0.019251814220909776,0.149411526827673,0.012776602946207792,0.149411526827673,0.0810940648869404,0.04505113165248902,0.0643029458733988,0.414833215046132,0.564244741873805,0.028327020607305645,0.015550417661097852
0029,2,0.06750107523208347,adam,adamw,0.39778801798820496,0.9739716649055481,0.9409826397895813,0.6858798265457153,0.038340482860803604,0.9501000642776489,0.9178618519653261,0.0010525228148530533,0.13993413842547073,0.0031832352817292957,0.13993413842547073,0.0715586868536,0.026161851205481222,0.02510932839062817,0.3698453608247423,0.22991122239927156,0.008012929567880231,0.011196164849609527,0.5582303404808044,0.9695114493370056,0.9459638595581055,0.763870894908905,0.04485809803009033,0.9429594874382019,0.9205912859155839,0.018329500177105627,0.22111941209187058,0.02405508700887741,0.22111941209187058,0.12258724955037399,0.0621970137676944,0.08052651394480002,0.759020618556701,0.5379012064648304,0.02539979584892821,0.04945488285780562
