config_id,seed,ffnn_lr,reinforce_lr,delta_scale,ffnn_opt,reinforce_opt,alpha_f1_minority,alpha_f1_majority,alpha_f1_weighted,alpha_f1_macro,alpha_brier,alpha_acc,alpha_auc,alpha_dp_diff,alpha_eo_tpr_diff,alpha_eod_fpr_diff,alpha_eod_max_diff,alpha_eod_avg_diff,alpha_dp_rate_g0,alpha_dp_rate_g1,alpha_tpr_g0,alpha_tpr_g1,alpha_fpr_g0,alpha_fpr_g1,beta_f1_minority,beta_f1_majority,beta_f1_weighted,beta_f1_macro,beta_brier,beta_acc,beta_auc,beta_dp_diff,beta_eo_tpr_diff,beta_eod_fpr_diff,beta_eod_max_diff,beta_eod_avg_diff,beta_dp_rate_g0,beta_dp_rate_g1,beta_tpr_g0,beta_tpr_g1,beta_fpr_g0,beta_fpr_g1
0000,0,0.004884765313390349,0.0003280264061679065,0.15514289520771124,adamw,adamw,0.5854617357254028,0.8891922831535339,0.8135743141174316,0.737326979637146,0.12269904464483261,0.825128436088562,0.8786139924961378,0.17336308847113463,0.12191360791837752,0.08599543982256584,0.12191360791837752,0.10395452387047169,0.054950751684810784,0.2283138401559454,0.391705069124424,0.5136186770428015,0.012266355140186916,0.09826179496275275,0.6284487247467041,0.8623353242874146,0.8041059970855713,0.7453920245170593,0.1393681764602661,0.7991049289703369,0.870109257692458,0.18879847146811216,0.0166221377467769,0.10112661744570389,0.10112661744570389,0.058874377596240396,0.16329704510108864,0.3520955165692008,0.6682027649769585,0.6848249027237354,0.09929906542056074,0.20042568286626464
0000,1,0.004884765313390349,0.0003280264061679065,0.15514289520771124,adamw,adamw,0.6049469709396362,0.878951907157898,0.8107345104217529,0.7419494390487671,0.12992466986179352,0.8146858811378479,0.8747722818482881,0.23587185898347401,0.24092155369383095,0.12813218621523081,0.24092155369383095,0.18452686995453088,0.0602161605764282,0.2960880195599022,0.3613861386138614,0.6023076923076923,0.02527283170591614,0.15340501792114694,0.6347561478614807,0.8636466860771179,0.8066611886024475,0.7492014169692993,0.13788923621177673,0.8014255166053772,0.8741196538948582,0.26238795903292744,0.13728103579588735,0.16061629805306965,0.16061629805306965,0.1489486669244785,0.11682964487905301,0.37921760391198045,0.5742574257425742,0.7115384615384616,0.06375646180356118,0.22437275985663083
0000,2,0.004884765313390349,0.0003280264061679065,0.15514289520771124,adamw,adamw,0.6156144738197327,0.890403687953949,0.8219910860061646,0.7530090808868408,0.12133064866065979,0.8294380903244019,0.8832940615337866,0.1907597165237984,0.16021361815754337,0.08977486713986865,0.16021361815754337,0.12499424264870601,0.06490134994807892,0.2556610664718773,0.411214953271028,0.5714285714285714,0.02161214953271028,0.11138701667257893,0.6571254730224609,0.8717831373214722,0.818341076374054,0.7644543051719666,0.13288111984729767,0.8133598566055298,0.8784891681245429,0.2134737667700537,0.025788007198003116,0.11794051048791081,0.11794051048791081,0.07186425884295697,0.15005192107995846,0.36352568785001216,0.6962616822429907,0.7220496894409938,0.08177570093457943,0.19971621142249024
0001,0,0.0006454584264762864,0.00036948531142849293,0.12582818151973185,adamw,adamw,0.620292067527771,0.8956044316291809,0.8270615339279175,0.7579482793807983,0.11416559666395187,0.8362340331077576,0.8860336589395557,0.21925883483549033,0.32637128153633743,0.09642678354158862,0.32637128153633743,0.21139903253896303,0.03317781233799896,0.2524366471734893,0.25806451612903225,0.5844357976653697,0.004672897196261682,0.1010996807378503,0.6473056077957153,0.878108561038971,0.8206469416618347,0.7627071142196655,0.1268535703420639,0.8188297748565674,0.8735316789414305,0.1483190545051067,0.05975004034499454,0.06049735937380858,0.06049735937380858,0.06012369985940156,0.16381544841886989,0.3121345029239766,0.7188940092165899,0.6591439688715953,0.09345794392523364,0.15395530329904222
0001,1,0.0006454584264762864,0.00036948531142849293,0.12582818151973185,adamw,adamw,0.6202578544616699,0.8897444009780884,0.8226519823074341,0.7550011277198792,0.11499066650867462,0.8291065692901611,0.8874254617032362,0.24950867448441966,0.3903046458492003,0.11711721727100358,0.3903046458492003,0.25371093156010194,0.0319094184251158,0.28141809290953546,0.22277227722772278,0.6130769230769231,0.009764503159103963,0.12688172043010754,0.6405270099639893,0.8709168434143066,0.813558042049408,0.755721926689148,0.13255812227725983,0.8100447654724121,0.8749779224698856,0.11539071357654018,0.12405178979436404,0.0219403836216569,0.12405178979436404,0.07299608670801047,0.20123520329387545,0.31662591687041564,0.7871287128712872,0.6630769230769231,0.13325674899483056,0.15519713261648746
0001,2,0.0006454584264762864,0.00036948531142849293,0.12582818151973185,adamw,adamw,0.6461086273193359,0.8968101143836975,0.8343944549560547,0.7714593410491943,0.11001022905111313,0.8402121663093567,0.894756156802333,0.2357622841330848,0.32902565739827017,0.1062980509427019,0.32902565739827017,0.21766185417048603,0.04205607476635514,0.27781835889943995,0.3037383177570093,0.6327639751552795,0.009345794392523364,0.11564384533522526,0.6367495059967041,0.8633667826652527,0.8069472312927246,0.7500581741333008,0.13782456517219543,0.8014255166053772,0.8666891874616675,0.0994271614377702,0.08391623614094157,0.0036331402731133444,0.08391623614094157,0.04377468820702746,0.23001038421599168,0.3294375456537619,0.7710280373831776,0.687111801242236,0.16238317757009346,0.1660163178432068
0002,0,0.0014681285318933388,0.0006549765787793988,0.17617171395434755,adamw,adam,0.6160305142402649,0.8934999108314514,0.8244199752807617,0.7547652125358582,0.11452046781778336,0.8332504630088806,0.8876737879986987,0.2106896431505583,0.2671197260126593,0.09717893930703869,0.2671197260126593,0.182149332659849,0.041990668740279936,0.2526803118908382,0.3087557603686636,0.5758754863813229,0.008177570093457943,0.10535650940049664,0.646929144859314,0.8739174604415894,0.8174055814743042,0.7604233026504517,0.12578563392162323,0.8141885995864868,0.8812205369666751,0.23161335600968896,0.1043626387419534,0.1333967934542971,0.1333967934542971,0.11887971609812525,0.11975116640746501,0.351364522417154,0.5944700460829493,0.6988326848249027,0.05957943925233645,0.19297623270663355
0002,1,0.0014681285318933388,0.0006549765787793988,0.17617171395434755,adamw,adam,0.6253665685653687,0.8905547261238098,0.8245323896408081,0.7579606771469116,0.11693412065505981,0.8305983543395996,0.8860241079281919,0.2450954904257903,0.35872810357958873,0.11503564671562301,0.35872810357958873,0.23688187514760586,0.03705609881626351,0.2821515892420538,0.25742574257425743,0.6161538461538462,0.011487650775416428,0.12652329749103944,0.6413816213607788,0.8837924003601074,0.8234408497810364,0.7625870108604431,0.12045253068208694,0.8244654536247253,0.8833637839167434,0.24165187048485753,0.22512566641279513,0.12374402714214837,0.22512566641279513,0.17443484677747176,0.07668553782810088,0.3183374083129584,0.43564356435643564,0.6607692307692308,0.0350373348650201,0.15878136200716847
0002,2,0.0014681285318933388,0.0006549765787793988,0.17617171395434755,adamw,adam,0.6322097182273865,0.8954874277114868,0.8299407958984375,0.7638485431671143,0.11191348731517792,0.8372285962104797,0.8930601910613701,0.20812274765293204,0.24113310500957802,0.09240202497737317,0.24113310500957802,0.1667675649934756,0.05192107995846314,0.26004382761139516,0.35514018691588783,0.5962732919254659,0.014018691588785047,0.10642071656615822,0.6610115766525269,0.8785319924354553,0.8243772387504578,0.7697718143463135,0.12168008089065552,0.8211503624916077,0.885391904445217,0.24074503905269248,0.1519562314970686,0.13018282979647453,0.1519562314970686,0.14106953064677158,0.11474558670820353,0.355490625760896,0.5700934579439252,0.7220496894409938,0.05782710280373832,0.18800993260021284
0003,0,0.003247943069996102,0.0001724797020759017,0.11262658534061014,sgd,adam,0.6062015295028687,0.8928948044776917,0.8215184807777405,0.7495481967926025,0.11585123836994171,0.8315929174423218,0.8822699727076176,0.21161200694842341,0.29614301852283526,0.0965521428358303,0.29614301852283526,0.19634758067933278,0.03473302229134267,0.2463450292397661,0.2672811059907834,0.5634241245136187,0.005257009345794392,0.10180915218162469,0.6287519931793213,0.8679923415184021,0.8084301352500916,0.7483721971511841,0.1319083422422409,0.8052378296852112,0.8648534830775181,0.1278216601638882,0.060589216231239584,0.040744257093885614,0.060589216231239584,0.0506667366625626,0.1886988076723691,0.3165204678362573,0.7142857142857143,0.6536964980544747,0.12207943925233646,0.16282369634622207
0003,1,0.003247943069996102,0.0001724797020759017,0.11262658534061014,sgd,adam,0.6159582138061523,0.8902386426925659,0.8219527006149292,0.7530984282493591,0.11476090550422668,0.8292723298072815,0.8869593723486758,0.2376443807436135,0.34939832444782937,0.11102402730684587,0.34939832444782937,0.2302111758773376,0.034482758620689655,0.27212713936430316,0.24752475247524752,0.5969230769230769,0.009764503159103963,0.12078853046594983,0.6409550309181213,0.8666893243789673,0.8104895949363708,0.7538222074508667,0.13822545111179352,0.8055693507194519,0.8688499935787817,0.10661694478455039,0.09261233815689263,0.004557385756548266,0.09261233815689263,0.048584861956720446,0.22027792074112199,0.3268948655256724,0.7772277227722773,0.6846153846153846,0.1556576680068926,0.16021505376344086
0003,2,0.003247943069996102,0.0001724797020759017,0.11262658534061014,sgd,adam,0.6306775808334351,0.894243061542511,0.8286247849464417,0.7624603509902954,0.11140679568052292,0.8355710506439209,0.891351441659043,0.23566215874879676,0.3578974865037442,0.10640206807610574,0.3578974865037442,0.23214977728992497,0.03582554517133956,0.2714877039201363,0.2570093457943925,0.6149068322981367,0.008177570093457943,0.11457963816956368,0.6356996893882751,0.8557214140892029,0.800943911075592,0.745710551738739,0.1440609097480774,0.7933034896850586,0.8636136883331605,0.10545668173857109,0.08710889882161721,0.010085103420381741,0.08710889882161721,0.048597001120999475,0.2466251298026999,0.352081811541271,0.7990654205607477,0.7119565217391305,0.17757009345794392,0.18765519687832566
0004,0,0.00041715277661223254,0.0002881797740567003,0.27470957199199836,sgd,adamw,0.5357872843742371,0.8820288777351379,0.7958271503448486,0.7089080810546875,0.12908275425434113,0.8118680715560913,0.8483760782724482,0.18862415456301024,0.337359464935717,0.08150923473227399,0.337359464935717,0.2094343498339955,0.027993779160186624,0.21661793372319688,0.14746543778801843,0.4848249027237354,0.012850467289719626,0.09435970202199362,0.6240257620811462,0.832354724407196,0.7804883122444153,0.7281902432441711,0.15386460721492767,0.7681087255477905,0.8554253858829,0.11926838437029152,0.09300148828202048,0.029814377074126514,0.09300148828202048,0.0614079326780735,0.2866770347330223,0.40594541910331383,0.8525345622119815,0.7595330739299611,0.21495327102803738,0.2447676481021639
0004,1,0.00041715277661223254,0.0002881797740567003,0.27470957199199836,sgd,adamw,0.60128253698349,0.8877322673797607,0.8164165616035461,0.7445074319839478,0.12181602418422699,0.8247969746589661,0.8703325309504195,0.23537908635727023,0.3785681645087586,0.10844157047303181,0.3785681645087586,0.2435048674908952,0.03088008234688626,0.2662591687041565,0.20297029702970298,0.5815384615384616,0.010913268236645606,0.11935483870967742,0.6506224274635315,0.8505502343177795,0.800775408744812,0.7505863308906555,0.1434893161058426,0.7906514406204224,0.8716308807413701,0.17879668347412253,0.056298552932216306,0.07745517654542872,0.07745517654542872,0.06687686473882251,0.2290272774060731,0.4078239608801956,0.8316831683168316,0.7753846153846153,0.15910396323951753,0.23655913978494625
0004,2,0.00041715277661223254,0.0002881797740567003,0.27470957199199836,sgd,adamw,0.6097102165222168,0.8897863030433655,0.8200574517250061,0.7497482299804688,0.11759216338396072,0.8281120657920837,0.8774618466483738,0.23165183369780493,0.3618665466999478,0.10736225810836347,0.3618665466999478,0.23461440240415563,0.03374870197300104,0.26540053567080596,0.22897196261682243,0.5908385093167702,0.009345794392523364,0.11670805250088684,0.6429149508476257,0.8417653441429138,0.7922587394714355,0.7423401474952698,0.14710599184036255,0.7807061076164246,0.8708123590674806,0.12683269275843162,0.11067655424624134,0.03321233916713359,0.11067655424624134,0.07194444670668747,0.278816199376947,0.40564889213537864,0.8878504672897196,0.7771739130434783,0.20268691588785046,0.23589925505498405
0005,0,0.0008796004257632532,1.590019374041111em05,0.15854295886344594,sgd,adam,0.5738095045089722,0.8874921798706055,0.8093964457511902,0.7306508421897888,0.12289484590291977,0.8219791054725647,0.8653977437866263,0.21070934853983064,0.3741182377306389,0.09150316775684358,0.3741182377306389,0.23281070274374124,0.025401762571280455,0.2361111111111111,0.16129032258064516,0.535408560311284,0.008177570093457943,0.09968073785030153,0.5676044821739197,0.8116597533226013,0.7508988380432129,0.6896321177482605,0.17225921154022217,0.7376098036766052,0.8100293554007737,0.020330656431990668,0.20410263766608694,0.09934651546747209,0.20410263766608694,0.1517245765667795,0.37169517884914466,0.351364522417154,0.8663594470046083,0.6622568093385214,0.30899532710280375,0.20964881163533167
0005,1,0.0008796004257632532,1.590019374041111em05,0.15854295886344594,sgd,adam,0.6073687672615051,0.8875146508216858,0.817768394947052,0.7474417090415955,0.11888591945171356,0.825128436088562,0.8776409648461067,0.24418104234749027,0.39890327494287886,0.11360195495935059,0.39890327494287886,0.25625261495111473,0.03088008234688626,0.27506112469437655,0.19801980198019803,0.5969230769230769,0.011487650775416428,0.12508960573476702,0.6204056143760681,0.8655442595481873,0.8045135736465454,0.7429749369621277,0.13355661928653717,0.8014255166053772,0.861265682393313,0.09238341636392694,0.1163214013709063,0.0003388651106870366,0.1163214013709063,0.05833013324079667,0.21152856407617088,0.3039119804400978,0.7524752475247525,0.6361538461538462,0.14876507754164273,0.14910394265232976
0005,2,0.0008796004257632532,1.590019374041111em05,0.15854295886344594,sgd,adam,0.6230483651161194,0.891851544380188,0.8249291777610779,0.7574499845504761,0.11540382355451584,0.8319244384765625,0.883214420792875,0.23587340813913182,0.35635920357578227,0.10913593671779945,0.35635920357578227,0.23274757014679087,0.036344755970924195,0.272218164110056,0.2523364485981308,0.6086956521739131,0.009345794392523364,0.11848173111032281,0.5927240252494812,0.8414507508277893,0.7795267701148987,0.7170873880386353,0.15136617422103882,0.7717553377151489,0.8366458934618477,0.05175647989489868,0.1484297904452313,0.028759701358936213,0.1484297904452313,0.08859474590208376,0.2762201453790239,0.3279766252739226,0.794392523364486,0.6459627329192547,0.21144859813084113,0.18268889677190492
0006,0,0.008574577609317105,8.995380802416628em05,0.26632748194291,adamw,adam,0.5823482871055603,0.8887489438056946,0.8124662041664124,0.7355486154556274,0.12988829612731934,0.824299693107605,0.8727221205243594,0.17699191169560327,0.13340386236080976,0.08939609558635826,0.13340386236080976,0.111399978973584,0.05132192846034215,0.2283138401559454,0.3778801843317972,0.511284046692607,0.009929906542056074,0.09932600212841433,0.6145251393318176,0.8487015962600708,0.7904001474380493,0.7316133975982666,0.1511055827140808,0.7826951742172241,0.8513075775373143,0.22647820735526392,0.1129839157955137,0.13395168963608095,0.13395168963608095,0.12346780271579733,0.1607050285121825,0.3871832358674464,0.5990783410138248,0.7120622568093385,0.10514018691588785,0.23909187655196878
0006,1,0.008574577609317105,8.995380802416628em05,0.26632748194291,adamw,adam,0.6159695982933044,0.8788837194442749,0.8134275674819946,0.7474266290664673,0.13040435314178467,0.8158462047576904,0.8746996941619223,0.24292444698352933,0.23352627570449347,0.133504001119943,0.23352627570449347,0.18351513841221823,0.06587750900669069,0.30880195599022003,0.3910891089108911,0.6246153846153846,0.028144744399770247,0.16164874551971326,0.6251605153083801,0.8694972395896912,0.8086661100387573,0.7473288774490356,0.13365869224071503,0.8063981533050537,0.8696482377208522,0.21166182408923262,0.13722010662604722,0.10439474697316874,0.13722010662604722,0.12080742679960799,0.1240349974266598,0.3356968215158924,0.5297029702970297,0.666923076923077,0.07696726019529006,0.1813620071684588
0006,2,0.008574577609317105,8.995380802416628em05,0.26632748194291,adamw,adam,0.6274653673171997,0.8906518220901489,0.825127899646759,0.7590585947036743,0.12308505922555923,0.8309298753738403,0.8807857455416614,0.17205371575161926,0.06750304754164982,0.0783433427376978,0.0783433427376978,0.07292319513967381,0.0877466251298027,0.25980034088142195,0.514018691588785,0.5815217391304348,0.0344626168224299,0.1128059595601277,0.6498550176620483,0.8597957491874695,0.807528018951416,0.7548253536224365,0.14052535593509674,0.7997679710388184,0.8732629281755129,0.20126643440611613,0.025700934579439227,0.1027803241024689,0.1027803241024689,0.06424062934095406,0.18587746625129803,0.38714390065741416,0.7242990654205608,0.75,0.1185747663551402,0.2213550904576091
0007,0,0.004074324861703429,0.00012514070798404372,0.05351042504100474,sgd,adamw,0.6104449033737183,0.8937875628471375,0.8232454061508179,0.7521162033081055,0.1152690127491951,0.8330847024917603,0.8837847631099386,0.21359239857029821,0.31236349943517006,0.094903823520636,0.31236349943517006,0.20363366147790302,0.03421461897356143,0.24780701754385964,0.25806451612903225,0.5704280155642023,0.005841121495327103,0.10074494501596311,0.6455093622207642,0.8747055530548096,0.817643940448761,0.7601074576377869,0.1262660026550293,0.8148516416549683,0.8748292940391991,0.1487965312451684,0.07040111890118173,0.06271114234848309,0.07040111890118173,0.0665561306248324,0.17210990150336963,0.32090643274853803,0.7373271889400922,0.6669260700389105,0.10046728971962617,0.16317843206810925
0007,1,0.004074324861703429,0.00012514070798404372,0.05351042504100474,sgd,adamw,0.621076226234436,0.8920127749443054,0.8245593309402466,0.7565444707870483,0.11432919651269913,0.8319244384765625,0.8880351101055285,0.23693655489519774,0.358964204112719,0.10708137497709676,0.358964204112719,0.23302278954490788,0.033968090581574885,0.2709046454767726,0.24257425742574257,0.6015384615384616,0.009764503159103963,0.11684587813620072,0.6309266090393066,0.8652562499046326,0.8069165945053101,0.748091459274292,0.13582022488117218,0.802585780620575,0.8706981142777039,0.09000449233471794,0.12063975628332069,0.0068477103959122265,0.12063975628332069,0.06374373333961646,0.2249099330931549,0.31491442542787285,0.7821782178217822,0.6615384615384615,0.16025272831705917,0.15340501792114694
0007,2,0.004074324861703429,0.00012514070798404372,0.05351042504100474,sgd,adamw,0.6286572217941284,0.8946808576583862,0.8284505605697632,0.7616690397262573,0.11113344877958298,0.8359025120735168,0.8921333021431587,0.23155512167889034,0.35090990886399265,0.1034388230067665,0.35090990886399265,0.22717436593537957,0.035306334371754934,0.26686145605064526,0.2570093457943925,0.6079192546583851,0.007593457943925234,0.11103228095069173,0.642728865146637,0.8631362318992615,0.8082627058029175,0.7529325485229492,0.13936947286128998,0.8020884990692139,0.8680084760083002,0.07734458378560427,0.1470221164451152,0.0155598856889001,0.1470221164451152,0.08129100106700765,0.2523364485981308,0.3296810323837351,0.8411214953271028,0.6940993788819876,0.17873831775700935,0.16317843206810925
0008,0,0.0026333394617191514,0.0003716169539861266,0.2063164573184081,sgd,adamw,0.6028894782066345,0.8930037021636963,0.8207756876945496,0.7479466199874878,0.11654317378997803,0.8314271569252014,0.8805784151257458,0.2107927174944446,0.30990693754594845,0.09429836921026545,0.30990693754594845,0.20210265337810696,0.0321410057024365,0.24293372319688109,0.2488479262672811,0.5587548638132296,0.004672897196261682,0.09897126640652713,0.6253648400306702,0.8714238405227661,0.8101639747619629,0.7483943700790405,0.1328166425228119,0.8085529804229736,0.8630177052240506,0.12003424190335871,0.11703276013555919,0.043307388448876605,0.11703276013555919,0.0801700742922179,0.18040435458786935,0.30043859649122806,0.7419354838709677,0.6249027237354086,0.10922897196261683,0.15253636041149343
0008,1,0.0026333394617191514,0.0003716169539861266,0.2063164573184081,sgd,adamw,0.6186409592628479,0.8904299736022949,0.8227643370628357,0.754535436630249,0.11525707691907883,0.8297696113586426,0.8857463939054555,0.24033386729618073,0.371942117288652,0.1096593026296015,0.371942117288652,0.24080070995912675,0.034482758620689655,0.2748166259168704,0.23267326732673269,0.6046153846153847,0.011487650775416428,0.12114695340501792,0.6399033665657043,0.8637038469314575,0.8079855442047119,0.7518036365509033,0.1361267864704132,0.8022542595863342,0.8707914203117979,0.1307697244323866,0.09405178979436413,0.034108646824735106,0.09405178979436413,0.06408021830954962,0.21152856407617088,0.3422982885085575,0.7871287128712872,0.693076923076923,0.14474439977024697,0.17885304659498208
0008,2,0.0026333394617191514,0.0003716169539861266,0.2063164573184081,sgd,adamw,0.6293550729751587,0.8932535648345947,0.827552318572998,0.7613043189048767,0.11188830435276031,0.834244966506958,0.8904216139681043,0.23858399950847536,0.3594502815348001,0.10994942529497767,0.3594502815348001,0.23469985341488886,0.03582554517133956,0.27440954467981493,0.2570093457943925,0.6164596273291926,0.008177570093457943,0.11812699538843562,0.6242406368255615,0.8491113781929016,0.79312664270401,0.7366759777069092,0.14667662978172302,0.7846842408180237,0.8598129735648576,0.09009160714136721,0.11589365530852735,1.0153066806350974e-05,0.11589365530852735,0.05795190418766685,0.26272066458982346,0.3528122717311907,0.8177570093457944,0.7018633540372671,0.1933411214953271,0.19333096842852074
0009,0,0.004530295770311979,4.6373542652131554em05,0.23256964408830622,sgd,adam,0.6114746928215027,0.8934417366981506,0.8232421278953552,0.7524582147598267,0.1148451566696167,0.8327531814575195,0.8847561744349693,0.21499223910822504,0.31086804497122056,0.09644812570242646,0.31086804497122056,0.2036580853368235,0.0352514256091239,0.25024366471734893,0.2626728110599078,0.5735408560311284,0.006425233644859813,0.10287335934728627,0.6554157733917236,0.8724878430366516,0.8184447288513184,0.7639517784118652,0.13093113899230957,0.8138571381568909,0.8714907747515928,0.15453648377033827,0.1007369685667665,0.06978720829617449,0.1007369685667665,0.0852620884314705,0.18610679108346292,0.3406432748538012,0.7972350230414746,0.6964980544747081,0.10864485981308411,0.1784320681092586
0009,1,0.004530295770311979,4.6373542652131554em05,0.23256964408830622,sgd,adam,0.6218737959861755,0.8920847773551941,0.8248119354248047,0.7569792866706848,0.11426663398742676,0.8320901989936829,0.888244350723717,0.23539255077785343,0.3490632140137091,0.10650699243832593,0.3490632140137091,0.22778510322601753,0.035512094698919194,0.2709046454767726,0.2524752475247525,0.6015384615384616,0.010338885697874785,0.11684587813620072,0.635339617729187,0.8735349774360657,0.8142329454421997,0.7544373273849487,0.13012176752090454,0.812199592590332,0.8734227239425633,0.10849214848110009,0.16164508758568163,0.022817809564395705,0.16164508758568163,0.09223144857503868,0.19248584662892435,0.30097799511002443,0.7970297029702971,0.6353846153846154,0.12234348075818495,0.14516129032258066
0009,2,0.004530295770311979,4.6373542652131554em05,0.23256964408830622,sgd,adam,0.6267419457435608,0.8946976661682129,0.8279863595962524,0.7607197761535645,0.11106046289205551,0.8357367515563965,0.8923918406738488,0.22887676764918494,0.3462515237708249,0.10166514439733054,0.3462515237708249,0.22395833408407773,0.035306334371754934,0.26418310202093986,0.2570093457943925,0.6032608695652174,0.007593457943925234,0.10925860234125577,0.6399762630462646,0.8603634238243103,0.8054949641227722,0.7501698732376099,0.13777834177017212,0.7987734079360962,0.866035898284374,0.09914043874639988,0.0668500029024206,0.0019972532846207203,0.0668500029024206,0.03442362809352066,0.24247144340602284,0.3416118821524227,0.7757009345794392,0.7088509316770186,0.1758177570093458,0.17382050372472507
0010,0,0.00024106501268706255,0.00013646506337961615,0.10965398215380505,adam,adamw,0.5877742767333984,0.8894261717796326,0.8143256902694702,0.7386002540588379,0.11905407160520554,0.8256257176399231,0.874505294346007,0.22612729984629798,0.40590292097760405,0.10078762933763878,0.40590292097760405,0.2533452751576214,0.02021772939346812,0.2463450292397661,0.15207373271889402,0.5579766536964981,0.0035046728971962616,0.10429230223483504,0.6362252831459045,0.8639107346534729,0.807225227355957,0.7500680088996887,0.13699428737163544,0.8019227385520935,0.8638974268399876,0.1502028139295881,0.04322473058509213,0.060881518268889684,0.060881518268889684,0.05205312442699091,0.1933644375324002,0.3435672514619883,0.7327188940092166,0.6894941634241245,0.125,0.18588151826888968
0010,1,0.00024106501268706255,0.00013646506337961615,0.10965398215380505,adam,adamw,0.6105804443359375,0.8865582942962646,0.8178497552871704,0.7485693693161011,0.11836469173431396,0.824299693107605,0.8800655992848203,0.25501600001006686,0.41616146230007617,0.12263602469639046,0.41616146230007617,0.26939874349823334,0.029336078229541946,0.2843520782396088,0.19306930693069307,0.6092307692307692,0.010338885697874785,0.13297491039426523,0.6240977048873901,0.8400283455848694,0.7862693667411804,0.7320630550384521,0.14976981282234192,0.7755677103996277,0.8608974541705741,0.169544864833576,0.01622239146991622,0.07091195065662836,0.07091195065662836,0.04356717106327229,0.23314462171899125,0.40268948655256726,0.7623762376237624,0.7461538461538462,0.17174037909247558,0.24265232974910395
0010,2,0.00024106501268706255,0.00013646506337961615,0.10965398215380505,adam,adamw,0.637233316898346,0.8945229649543762,0.8304671049118042,0.7658781409263611,0.11212030053138733,0.8365655541419983,0.8900732224612752,0.24269103657838187,0.37264903929877524,0.11007478458921935,0.37264903929877524,0.2413619119439973,0.036344755970924195,0.27903579254930605,0.2570093457943925,0.6296583850931677,0.008761682242990653,0.11883646683221,0.6332874894142151,0.8418930172920227,0.7899577021598816,0.7375902533531189,0.14572526514530182,0.7790485620498657,0.8686764590492306,0.14334731296085174,0.04364515005514602,0.046980312167435256,0.046980312167435256,0.04531273111129064,0.25597092419522327,0.399318237156075,0.8037383177570093,0.7600931677018633,0.1875,0.23448031216743526
0011,0,0.00015220604727359953,0.0009692662864435307,0.2687718218340364,adamw,adam,0.5697305202484131,0.8861873745918274,0.8074010014533997,0.7279589176177979,0.12277904152870178,0.8199900388717651,0.8646678995797848,0.219304687760528,0.39793792250174825,0.09903529288904066,0.39793792250174825,0.24848660769539446,0.02021772939346812,0.2395224171539961,0.1382488479262673,0.5361867704280155,0.005257009345794392,0.10429230223483504,0.6261597871780396,0.8568481206893921,0.7994149923324585,0.7415039539337158,0.14576612412929535,0.7929719686508179,0.858447105470496,0.1745169905929503,0.07476555075400315,0.09916894040108343,0.09916894040108343,0.08696724557754329,0.18610679108346292,0.36062378167641324,0.7603686635944701,0.6856031128404669,0.1133177570093458,0.21248669741042922
0011,1,0.00015220604727359953,0.0009692662864435307,0.2687718218340364,adamw,adam,0.6041358709335327,0.8854455947875977,0.8154096007347107,0.7447907328605652,0.12042886763811111,0.8223106265068054,0.8751960528755743,0.25311135075822305,0.41760091393754756,0.12227760175732236,0.41760091393754756,0.26993925784743494,0.028306742151312403,0.28141809290953546,0.18316831683168316,0.6007692307692307,0.010338885697874785,0.13261648745519714,0.6431694030761719,0.8446348309516907,0.7944771647453308,0.7439020872116089,0.1479918360710144,0.7835239768028259,0.8658858739366417,0.16095078943030403,0.07840822543792836,0.06151039961790178,0.07840822543792836,0.06995931252791507,0.2485846628924344,0.4095354523227384,0.8514851485148515,0.7730769230769231,0.17863296955772545,0.24014336917562723
0011,2,0.00015220604727359953,0.0009692662864435307,0.2687718218340364,adamw,adam,0.6263817548751831,0.8915740251541138,0.8255506753921509,0.7589778900146484,0.1141228973865509,0.8319244384765625,0.885847120340686,0.23942899706981546,0.360226679050328,0.11151506963760596,0.360226679050328,0.23587087434396697,0.03790238836967809,0.27733138543949354,0.2570093457943925,0.6172360248447205,0.010514018691588784,0.12202908832919475,0.64322429895401,0.8423945307731628,0.7928083539009094,0.7428094148635864,0.14540117979049683,0.781369149684906,0.8743440291925929,0.12030861374129881,0.11222934927729722,0.02545083760729097,0.11222934927729722,0.0688400934422941,0.2819314641744548,0.4022400779157536,0.8878504672897196,0.7756211180124224,0.20619158878504673,0.2316424263923377
0012,0,0.0004007685047508204,3.821037896892759em05,0.08120267865702678,adamw,adam,0.6066019535064697,0.8932672739028931,0.8218979239463806,0.7499346137046814,0.11586860567331314,0.8320901989936829,0.8819256954826068,0.22106263585350103,0.3492298588821746,0.09888859143396114,0.3492298588821746,0.22405922515806787,0.027475375842405392,0.24853801169590642,0.22119815668202766,0.5704280155642023,0.0029205607476635513,0.10180915218162469,0.624876856803894,0.8732674717903137,0.8114271759986877,0.7490721940994263,0.12957416474819183,0.8105420470237732,0.8667426731253054,0.12116919653548941,0.04557370582223097,0.032916035380744155,0.04557370582223097,0.03924487060148756,0.17366511145671332,0.2948343079922027,0.6728110599078341,0.6272373540856031,0.11039719626168225,0.1433132316424264
0012,1,0.0004007685047508204,3.821037896892759em05,0.08120267865702678,adamw,adam,0.6147058010101318,0.8878664374351501,0.8198592662811279,0.7512861490249634,0.11606820672750473,0.8262887597084045,0.8848337580349721,0.25300866882181283,0.39712871287128715,0.1219926750785916,0.39712871287128715,0.25956069397493936,0.030365414307771486,0.28337408312958434,0.21287128712871287,0.61,0.009190120620333142,0.13118279569892474,0.611985445022583,0.8536863923072815,0.7935115098953247,0.7328358888626099,0.14763545989990234,0.7875020503997803,0.844770644951879,0.06176255557219379,0.12030464584920031,0.03550692861804386,0.12030464584920031,0.07790578723362208,0.25681935151827073,0.3185819070904645,0.7772277227722773,0.6569230769230769,0.19643882825962092,0.16093189964157706
0012,2,0.0004007685047508204,3.821037896892759em05,0.08120267865702678,adamw,adam,0.642649233341217,0.8946126103401184,0.8318828344345093,0.7686309218406677,0.11042840778827667,0.8372285962104797,0.8935311293909305,0.2438940582411156,0.34225343936843333,0.11468634897375288,0.34225343936843333,0.2284698941710931,0.040498442367601244,0.28439250060871685,0.29439252336448596,0.6366459627329193,0.008761682242990653,0.12344803121674353,0.6065328121185303,0.8495818972587585,0.7890714406967163,0.7280573844909668,0.14814162254333496,0.7823636531829834,0.8431294138529631,0.04333115636475071,0.08072357346026593,0.055426213312203904,0.08072357346026593,0.06807489338623492,0.27466251298027,0.3179936693450207,0.7429906542056075,0.6622670807453416,0.2161214953271028,0.1606952820148989
0013,0,0.008465977149720158,0.00016083155314132244,0.19690426604385908,adamw,adam,0.5833003520965576,0.8896110653877258,0.8133507370948792,0.7364556789398193,0.1259968876838684,0.8254599571228027,0.8760003949710545,0.1697391915939841,0.1372339471749538,0.07963153898943418,0.1372339471749538,0.10843274308219399,0.05443234836702955,0.22417153996101363,0.37327188940092165,0.5105058365758754,0.014018691588785047,0.09365023057821922,0.6294416189193726,0.8689701557159424,0.8093361854553223,0.7492058873176575,0.13109274208545685,0.8063981533050537,0.8706477143254296,0.1749505091569428,0.03941974932310066,0.08132274983174917,0.08132274983174917,0.060371249577424915,0.15448418869880767,0.32943469785575047,0.6267281105990783,0.666147859922179,0.09462616822429906,0.17594891805604823
0013,1,0.008465977149720158,0.00016083155314132244,0.19690426604385908,adamw,adam,0.5948275923728943,0.8784744739532471,0.8078566193580627,0.7366510629653931,0.13284526765346527,0.8130283355712891,0.8729827896652766,0.22234741476833017,0.23654226961157654,0.1160837404449715,0.23654226961157654,0.17631300502827402,0.06176016469377252,0.2841075794621027,0.3465346534653465,0.583076923076923,0.02871912693854107,0.14480286738351256,0.6056603789329529,0.8588791489601135,0.7958368062973022,0.7322697639465332,0.14825841784477234,0.7921432256698608,0.8537920160010297,0.1308955601387716,0.0772810357958873,0.021205421018283488,0.0772810357958873,0.04924322840708539,0.1893978383942357,0.3202933985330073,0.5742574257425742,0.6515384615384615,0.14474439977024697,0.16594982078853046
0013,2,0.008465977149720158,0.00016083155314132244,0.19690426604385908,adamw,adam,0.6274653673171997,0.8906518220901489,0.825127899646759,0.7590585947036743,0.12226364761590958,0.8309298753738403,0.8815040550655479,0.19798543175658606,0.1764889417774424,0.09148721293757646,0.1764889417774424,0.13398807735750942,0.07009345794392523,0.2680788897005113,0.4205607476635514,0.5970496894409938,0.026285046728971962,0.11777225966654842,0.650222897529602,0.8647282123565674,0.8113240599632263,0.7574755549430847,0.1404808908700943,0.8049063682556152,0.8720196069038825,0.194298617890434,0.02108608579555349,0.09628837030431021,0.09628837030431021,0.05868722804993185,0.17653167185877466,0.3708302897492087,0.7102803738317757,0.7313664596273292,0.10981308411214953,0.20610145441645975
0014,0,0.0015580224927221986,5.8857565140163605em05,0.19391275354122212,adamw,adam,0.6166858673095703,0.8946645259857178,0.8254578113555908,0.755675196647644,0.11427108943462372,0.8347422480583191,0.8881113712578034,0.203011741380408,0.2309096451433592,0.09409033494345778,0.2309096451433592,0.16249999004340848,0.04406428201140487,0.24707602339181287,0.33640552995391704,0.5673151750972762,0.007009345794392523,0.1010996807378503,0.626971423625946,0.8706328868865967,0.8099699020385742,0.7488021850585938,0.1319160908460617,0.8078899383544922,0.8698590946640409,0.14264769189259652,0.017680073158923393,0.05296792791239685,0.05296792791239685,0.03532400053566012,0.1689994815966822,0.31164717348927873,0.663594470046083,0.6459143968871596,0.10630841121495327,0.15927633912735012
0014,1,0.0015580224927221986,5.8857565140163605em05,0.19391275354122212,adamw,adam,0.6237660050392151,0.8897224068641663,0.8235088586807251,0.7567442059516907,0.11735047399997711,0.8294380903244019,0.885805610175912,0.24604781505171217,0.35300837776085303,0.1175446072890997,0.35300837776085303,0.23527649252497637,0.03757076685537828,0.28361858190709044,0.2623762376237624,0.6153846153846154,0.011487650775416428,0.12903225806451613,0.644459068775177,0.8806729912757874,0.8218642473220825,0.7625660300254822,0.1254713088274002,0.821316123008728,0.8826982988326312,0.15999808729726295,0.0022543792840822308,0.0573542581509823,0.0573542581509823,0.029804318717532266,0.1451363870303654,0.30513447432762836,0.6485148514851485,0.6507692307692308,0.08673176335439403,0.14408602150537633
0014,2,0.0015580224927221986,5.8857565140163605em05,0.19391275354122212,adamw,adam,0.6359241008758545,0.8955956101417542,0.8309467434883118,0.7657598257064819,0.11212785542011261,0.837725818157196,0.8927943790681798,0.20741011281551822,0.2387748882568062,0.0905456713953712,0.2387748882568062,0.16466027982608872,0.05555555555555555,0.26296566837107377,0.3644859813084112,0.6032608695652174,0.016939252336448597,0.1074849237318198,0.6312777996063232,0.8699551820755005,0.8105331063270569,0.7506164908409119,0.13228735327720642,0.8077241778373718,0.8654708457582196,0.1165687030804485,0.05733006327276946,0.024386423236184396,0.05733006327276946,0.04085824325447693,0.19314641744548286,0.30971512052593136,0.7102803738317757,0.6529503105590062,0.12850467289719625,0.15289109613338064
0015,0,0.0002392118319988556,2.362974617171558em05,0.20319329496715166,sgd,adamw,0.48540306091308594,0.8791321516036987,0.7811077833175659,0.6822676062583923,0.13594013452529907,0.8042433261871338,0.8281745137286237,0.14978824285528058,0.2610948734960282,0.06024643357988018,0.2610948734960282,0.1606706535379542,0.029548989113530325,0.1793372319688109,0.14746543778801843,0.4085603112840467,0.014602803738317757,0.07484923731819794,0.5944092869758606,0.8141165375709534,0.7594172954559326,0.704262912273407,0.16754873096942902,0.7450687885284424,0.8268538292649454,0.08932036112399538,0.05482257167960691,0.002413114612791034,0.05482257167960691,0.028617843146198974,0.3188180404354588,0.4081384015594542,0.7972350230414746,0.7424124513618677,0.25817757009345793,0.2557644554806669
0015,1,0.0002392118319988556,2.362974617171558em05,0.20319329496715166,sgd,adamw,0.5707566142082214,0.8849185109138489,0.8067034482955933,0.7278375625610352,0.1258361041545868,0.8184982538223267,0.8617646860024198,0.21092920860665898,0.35980959634424986,0.09173362649488717,0.35980959634424986,0.22577161141956853,0.03088008234688626,0.24180929095354523,0.17326732673267325,0.5330769230769231,0.014359563469270534,0.1060931899641577,0.6129624247550964,0.8213204741477966,0.7694467902183533,0.7171414494514465,0.16064393520355225,0.7555113434791565,0.8476230177610607,0.15383842946971577,0.10249047981721249,0.06755376858765716,0.10249047981721249,0.08502212420243482,0.2784354091610911,0.4322738386308069,0.8663366336633663,0.7638461538461538,0.21022400919012063,0.2777777777777778
0015,2,0.0002392118319988556,2.362974617171558em05,0.20319329496715166,sgd,adamw,0.5940974354743958,0.8880194425582886,0.8148434162139893,0.7410584688186646,0.12015625834465027,0.8244654536247253,0.8701623025401869,0.22606605089555332,0.3891855807743658,0.10087299798099014,0.3891855807743658,0.24502928937767798,0.029595015576323987,0.2556610664718773,0.1822429906542056,0.5714285714285714,0.010514018691588784,0.11138701667257893,0.5954318642616272,0.8133704662322998,0.7591115832328796,0.7044011354446411,0.16297440230846405,0.7445715069770813,0.8416182969165515,0.14834182502785687,0.11678614964880718,0.07905861593393299,0.11678614964880718,0.09792238279137008,0.2814122533748702,0.42975407840272706,0.8551401869158879,0.7383540372670807,0.20969626168224298,0.28875487761617596
0016,0,0.0008975568877999452,1.5123375045656258em05,0.23940098049160918,adam,adam,0.6190475821495056,0.8951596021652222,0.8264176249504089,0.7571035623550415,0.11368885636329651,0.8355710506439209,0.8876357308918794,0.21593582409453735,0.29866054618157045,0.0974909907072502,0.29866054618157045,0.19807576844441033,0.03576982892690513,0.2517056530214425,0.28110599078341014,0.5797665369649806,0.004672897196261682,0.10216388790351189,0.6400514841079712,0.8752232193946838,0.8166739344596863,0.7576373815536499,0.12754730880260468,0.8146858811378479,0.8726133124641287,0.1698384764399334,0.01288888091950724,0.08119469686672214,0.08119469686672214,0.04704178889311469,0.1503369621565578,0.3201754385964912,0.6728110599078341,0.6599221789883268,0.08411214953271028,0.1653068463994324
0016,1,0.0008975568877999452,1.5123375045656258em05,0.23940098049160918,adam,adam,0.6260550618171692,0.8909109830856323,0.8249713778495789,0.7584830522537231,0.11522430926561356,0.8310956358909607,0.8877067022532452,0.24739866135975547,0.37016755521706013,0.11582598885409656,0.37016755521706013,0.24299677203557835,0.034997426659804425,0.2823960880195599,0.24752475247524752,0.6176923076923077,0.010338885697874785,0.12616487455197134,0.638311505317688,0.8734757900238037,0.8149282932281494,0.7558936476707458,0.13021494448184967,0.812531054019928,0.8735165442618847,0.20144547475924482,0.13852246763137843,0.0866759720755385,0.13852246763137843,0.11259921985345847,0.1327843540916109,0.3342298288508557,0.5445544554455446,0.683076923076923,0.08500861573808156,0.17168458781362006
0016,2,0.0008975568877999452,1.5123375045656258em05,0.23940098049160918,adam,adam,0.6390838623046875,0.8956085443496704,0.831743061542511,0.767346203327179,0.11056160926818848,0.8380573391914368,0.8945821814568731,0.22628412701663525,0.29013322110640277,0.1037108837560877,0.29013322110640277,0.19692205243124522,0.04569055036344756,0.2719746773800828,0.32710280373831774,0.6172360248447205,0.010514018691588784,0.11422490244767648,0.655330240726471,0.8829929232597351,0.8263130784034729,0.769161581993103,0.11999186128377914,0.8252941966056824,0.8847646234065606,0.22327505580852386,0.14583212399140888,0.1139049772405539,0.14583212399140888,0.1298685506159814,0.1059190031152648,0.32919405892378867,0.5420560747663551,0.687888198757764,0.0514018691588785,0.1653068463994324
0017,0,0.004840836853954369,0.0006256713125146971,0.2807706099550442,sgd,adamw,0.6132511496543884,0.8939810395240784,0.8240894079208374,0.7536160945892334,0.11486409604549408,0.8335819840431213,0.8848834232940646,0.2147485743908761,0.3124244652046836,0.09538391853676488,0.3124244652046836,0.20390419187072423,0.0352514256091239,0.25,0.2626728110599078,0.5750972762645914,0.006425233644859813,0.10180915218162469,0.6433520317077637,0.8803542256355286,0.8213492035865784,0.7618530988693237,0.12129785865545273,0.8208188414573669,0.879548081407531,0.1462291463928527,0.1138589538991196,0.06977912728381841,0.1138589538991196,0.091819040591469,0.15396578538102643,0.3001949317738791,0.7465437788018433,0.6326848249027237,0.07885514018691589,0.1486342674707343
0017,1,0.004840836853954369,0.0006256713125146971,0.2807706099550442,sgd,adamw,0.6230366230010986,0.8926746249198914,0.8255444765090942,0.7578556537628174,0.11428958922624588,0.8329189419746399,0.8882361221600802,0.2341700568903229,0.3376237623762376,0.10658048869866327,0.3376237623762376,0.22210212553745043,0.035512094698919194,0.2696821515892421,0.2623762376237624,0.6,0.009190120620333142,0.11577060931899641,0.6404566168785095,0.8727558851242065,0.8149217367172241,0.7566062211990356,0.12866172194480896,0.8120338320732117,0.8764835292074336,0.11694692375740384,0.08103579588728105,0.01742787793444628,0.08103579588728105,0.04923183691086366,0.19454451878538342,0.31149144254278727,0.7425742574257426,0.6615384615384615,0.13095921883974726,0.14838709677419354
0017,2,0.004840836853954369,0.0006256713125146971,0.2807706099550442,sgd,adamw,0.6279245018959045,0.8952845931053162,0.8287215232849121,0.7616045475006104,0.11101602762937546,0.8365655541419983,0.8925507548090812,0.2284220315288767,0.3462515237708249,0.10083031365931447,0.3462515237708249,0.2235409187150697,0.0347871235721703,0.263209155101047,0.2570093457943925,0.6032608695652174,0.007009345794392523,0.10783965945370699,0.6470411419868469,0.8655143976211548,0.8111224174499512,0.7562777996063232,0.13353802263736725,0.8052378296852112,0.8721657373777507,0.1153649228920762,0.05205491379810767,0.013501714003441273,0.05205491379810767,0.03277831390077447,0.22429906542056074,0.33966398831263694,0.7616822429906542,0.7096273291925466,0.15712616822429906,0.17062788222774034
0018,0,0.004739477462834176,0.00011198191194252835,0.18044752518018464,adam,adam,0.581920862197876,0.8919482827186584,0.8147626519203186,0.7369345426559448,0.12174294888973236,0.8282778263092041,0.8821932707394333,0.16694443686544858,0.1463286054976779,0.07543604313851601,0.1463286054976779,0.11088232431809696,0.04821150855365474,0.21515594541910332,0.3548387096774194,0.5011673151750973,0.009345794392523364,0.08478183753103938,0.6144945621490479,0.8558415174484253,0.7957547903060913,0.7351680397987366,0.14867012202739716,0.7901541590690613,0.8580957751909395,0.19187289114439804,0.025716796069501058,0.10803463977747792,0.10803463977747792,0.06687571792348948,0.16485225505443235,0.3567251461988304,0.6497695852534562,0.6754863813229572,0.10338785046728972,0.21142249024476764
0018,1,0.004739477462834176,0.00011198191194252835,0.18044752518018464,adam,adam,0.609680712223053,0.8757784366607666,0.8095296621322632,0.7427295446395874,0.13530826568603516,0.8115365505218506,0.8686348019458202,0.23642692028433837,0.20833968012185838,0.1314868684622812,0.20833968012185838,0.1699132742920698,0.07359752959341224,0.31002444987775063,0.41089108910891087,0.6192307692307693,0.03446295232624928,0.16594982078853046,0.6120049357414246,0.8580484390258789,0.7967923879623413,0.7350267171859741,0.1507888287305832,0.7921432256698608,0.8546422029510569,0.21193451006496897,0.17163747143945163,0.10235043922765105,0.17163747143945163,0.13699395533355135,0.14307771487390633,0.3550122249388753,0.5099009900990099,0.6815384615384615,0.10051694428489374,0.2028673835125448
0018,2,0.004739477462834176,0.00011198191194252835,0.18044752518018464,adam,adam,0.6114221215248108,0.8891019225120544,0.8199695944786072,0.7502620220184326,0.12203085422515869,0.8274490237236023,0.8820496382223832,0.17523004186303,0.11818656759737622,0.07911414699320035,0.11818656759737622,0.09865035729528829,0.07580477673935618,0.2510348186023862,0.4439252336448598,0.562111801242236,0.029789719626168224,0.10890386661936857,0.6349775791168213,0.8599931597709656,0.8039723634719849,0.7474853992462158,0.14821213483810425,0.7976131439208984,0.8614940985035475,0.21383520423682081,0.09432867011087254,0.11368906916683519,0.11368906916683519,0.10400886963885386,0.15991692627206647,0.3737521305088873,0.6261682242990654,0.7204968944099379,0.10163551401869159,0.21532458318552677
0019,0,0.006167056607692355,0.000151217609067703,0.28744121830803016,sgd,adamw,0.6165703535079956,0.8949424624443054,0.8256378173828125,0.7557563781738281,0.11459587514400482,0.8350737690925598,0.8859429978009163,0.2167911137789177,0.32092381071921683,0.09548793567016872,0.32092381071921683,0.20820587319469278,0.033696215655780196,0.25048732943469787,0.25806451612903225,0.5789883268482491,0.005257009345794392,0.10074494501596311,0.6481112837791443,0.8826259970664978,0.8242402672767639,0.765368640422821,0.12400034070014954,0.8239681720733643,0.8779129482620246,0.13848909685653568,0.11152432354892505,0.05847026850510388,0.11152432354892505,0.08499729602701447,0.15707620528771385,0.29556530214424953,0.7465437788018433,0.6350194552529183,0.08235981308411215,0.14083008158921603
0019,1,0.006167056607692355,0.000151217609067703,0.28744121830803016,sgd,adamw,0.621337354183197,0.8928115367889404,0.8252242803573608,0.7570744752883911,0.11436620354652405,0.8329189419746399,0.8884207505566769,0.2312360715602495,0.333008377760853,0.10442995106425468,0.333008377760853,0.21871916441255385,0.035512094698919194,0.2667481662591687,0.2623762376237624,0.5953846153846154,0.009190120620333142,0.11362007168458782,0.6462128758430481,0.8761329054832458,0.8188911080360413,0.761172890663147,0.12604093551635742,0.8165091872215271,0.8798335831779946,0.14575612788431166,0.04594821020563589,0.04542110063223252,0.04594821020563589,0.045684655418934204,0.17086978898610397,0.31662591687041564,0.7128712871287128,0.666923076923077,0.10798391728891442,0.15340501792114694
0019,2,0.006167056607692355,0.000151217609067703,0.28744121830803016,sgd,adamw,0.6241405606269836,0.8958510160446167,0.828204870223999,0.7599958181381226,0.11118459701538086,0.836897075176239,0.8928364035181813,0.2175796660515024,0.31825767690253676,0.09386095851581226,0.31825767690253676,0.20605931770917452,0.03686396677050883,0.2544436328220112,0.27102803738317754,0.5892857142857143,0.007593457943925234,0.10145441645973749,0.6389794945716858,0.8600345253944397,0.8049997687339783,0.7495070099830627,0.13889755308628082,0.7982761263847351,0.8695603684163041,0.11643899519625714,0.06295350322168691,0.01901213560850437,0.06295350322168691,0.04098281941509564,0.23052959501557632,0.34696859021183346,0.7710280373831776,0.7080745341614907,0.16296728971962618,0.18197942532813055
0020,0,0.0007963907613055002,0.0002091658391473368,0.2990644598383932,adamw,adam,0.624184250831604,0.896522581577301,0.8287201523780823,0.7603534460067749,0.11385329067707062,0.837725818157196,0.8870299028941326,0.21617948881188628,0.30410801699869106,0.09536257637592703,0.30410801699869106,0.19973529668730905,0.03576982892690513,0.2519493177387914,0.28110599078341014,0.5852140077821012,0.004672897196261682,0.10003547357218871,0.6237752437591553,0.8720568418502808,0.8102436065673828,0.747916042804718,0.1311623603105545,0.8090502023696899,0.8659683799809627,0.10882073855798993,0.09171762090050029,0.02590668958635163,0.09171762090050029,0.05881215524342596,0.18455158113011924,0.2933723196881092,0.7142857142857143,0.622568093385214,0.11740654205607477,0.1433132316424264
0020,1,0.0007963907613055002,0.0002091658391473368,0.2990644598383932,adamw,adam,0.6216813921928406,0.8903142809867859,0.8234343528747559,0.7559978365898132,0.11482395231723785,0.8299353718757629,0.888006236663482,0.2487751781519013,0.39107387661843107,0.11568352551473116,0.39107387661843107,0.2533787010665811,0.0319094184251158,0.2806845965770171,0.22277227722772278,0.6138461538461538,0.009764503159103963,0.12544802867383512,0.6461538672447205,0.8765928745269775,0.8192218542098999,0.7613734006881714,0.12567339837551117,0.8170064687728882,0.8825210908371712,0.12609480210447635,0.11689261233815695,0.03300970274159579,0.11689261233815695,0.07495115753987637,0.18270715388574368,0.30880195599022003,0.7722772277227723,0.6553846153846153,0.11430212521539346,0.14731182795698924
0020,2,0.0007963907613055002,0.0002091658391473368,0.2990644598383932,adamw,adam,0.6410350799560547,0.8962717652320862,0.8327269554138184,0.768653392791748,0.11021137237548828,0.8390519022941589,0.8947665894455152,0.22961064120447802,0.3025846055610379,0.10510848448279864,0.3025846055610379,0.20384654502191826,0.043094496365524405,0.2727051375700024,0.3177570093457944,0.6203416149068323,0.008761682242990653,0.11387016672578928,0.631611168384552,0.8629903197288513,0.8053852319717407,0.7473007440567017,0.13844484090805054,0.8002651929855347,0.8630443011172332,0.07607367407822066,0.1025642886167063,0.019630022245576584,0.1025642886167063,0.06109715543114144,0.24143302180685358,0.31750669588507424,0.7757009345794392,0.6731366459627329,0.1746495327102804,0.1550195104647038
0021,0,0.000445296915409455,1.700981095053235em05,0.1967686754281583,adamw,adam,0.6103795766830444,0.8939265608787537,0.8233336210250854,0.7521530389785767,0.11538233608007431,0.8332504630088806,0.8830408127940057,0.2212441528046832,0.34929082465168815,0.09794974356254123,0.34929082465168815,0.22362028410711468,0.02851218247796786,0.24975633528265107,0.22580645161290322,0.5750972762645914,0.0035046728971962616,0.10145441645973749,0.6150845289230347,0.8682981133460999,0.8052570223808289,0.7416913509368896,0.13489782810211182,0.8037460446357727,0.8543685297408209,0.0832734592659288,0.10410801699869099,0.0006717600527793854,0.10410801699869099,0.05238988852573519,0.2042509072058061,0.2875243664717349,0.7188940092165899,0.6147859922178989,0.13901869158878505,0.13834693153600566
0021,1,0.000445296915409455,1.700981095053235em05,0.1967686754281583,adamw,adam,0.6168568730354309,0.8886512517929077,0.8209842443466187,0.7527540922164917,0.11569390445947647,0.8274490237236023,0.8857321408577279,0.2499976720394319,0.39294744859101294,0.11833494942757325,0.39294744859101294,0.2556411990092931,0.0319094184251158,0.2819070904645477,0.21782178217821782,0.6107692307692307,0.010338885697874785,0.12867383512544803,0.6310380101203918,0.8822565078735352,0.8197121620178223,0.7566472291946411,0.1222306564450264,0.8214818239212036,0.877234091762003,0.13920222678866018,0.016374714394516432,0.03599134514626168,0.03599134514626168,0.026183029770389055,0.1405043746783325,0.27970660146699267,0.599009900990099,0.6153846153846154,0.08730614589316485,0.12329749103942653
0021,2,0.000445296915409455,1.700981095053235em05,0.1967686754281583,adamw,adam,0.6425438523292542,0.8951768279075623,0.8322802782058716,0.7688603401184082,0.11021603643894196,0.8378915786743164,0.894035569729583,0.240972217481437,0.33914784930632147,0.11184846319865532,0.33914784930632147,0.2254981562524884,0.040498442367601244,0.28147065984903824,0.29439252336448596,0.6335403726708074,0.008761682242990653,0.12061014544164597,0.6537195444107056,0.8834736347198486,0.8262730836868286,0.7685965895652771,0.12170685082674026,0.8256257176399231,0.8775979852949691,0.16196570402177876,0.040757241539443934,0.05742740350028015,0.05742740350028015,0.04909232251986204,0.14434060228452752,0.3063063063063063,0.6261682242990654,0.6669254658385093,0.08411214953271028,0.14153955303299043
0022,0,0.0003062465776697021,0.0002903878502088823,0.0792835733021295,adam,adamw,0.6014040112495422,0.8924437165260315,0.8199852705001831,0.7469238638877869,0.1174744963645935,0.8305983543395996,0.878303731565446,0.22371680020857396,0.38453979809571626,0.09759500784065404,0.38453979809571626,0.24106740296818516,0.023846552617936754,0.2475633528265107,0.18433179723502305,0.5688715953307393,0.0035046728971962616,0.1010996807378503,0.6314390301704407,0.8775532245635986,0.8162796497344971,0.7544960975646973,0.12493500113487244,0.8161776661872864,0.8716621786709164,0.12715129797883337,0.05790313615090825,0.04080020256404304,0.05790313615090825,0.04935166935747565,0.16329704510108864,0.290448343079922,0.6820276497695853,0.624124513618677,0.09754672897196262,0.13834693153600566
0022,1,0.0003062465776697021,0.0002903878502088823,0.0792835733021295,adam,adamw,0.6125596761703491,0.8870812058448792,0.8187352418899536,0.7498204708099365,0.11730573326349258,0.825128436088562,0.8823360950939834,0.2545013319709521,0.4127494287890327,0.12191917881825426,0.4127494287890327,0.2673343038036435,0.029850746268656716,0.2843520782396088,0.19801980198019803,0.6107692307692307,0.010338885697874785,0.13225806451612904,0.621979296207428,0.8470314741134644,0.7910016179084778,0.7345054149627686,0.1468350887298584,0.782197892665863,0.8606345074807928,0.12355468253538815,0.049299314546839335,0.022506737157197587,0.049299314546839335,0.03590302585201846,0.24343798250128668,0.3669926650366748,0.7623762376237624,0.713076923076923,0.18322802986789202,0.2057347670250896
0022,2,0.0003062465776697021,0.0002903878502088823,0.0792835733021295,adam,adamw,0.6411099433898926,0.8946070075035095,0.8314953446388245,0.7678585052490234,0.11122771352529526,0.8370628356933594,0.8918514738386043,0.24246537520091446,0.3547193359261624,0.1113897103433643,0.3547193359261624,0.23305452313476335,0.03997923156801662,0.2824446067689311,0.2803738317757009,0.6350931677018633,0.009929906542056074,0.12131961688542037,0.6258082389831543,0.8435773849487305,0.7893607020378113,0.7346928119659424,0.15167972445487976,0.7793800830841064,0.8534370857248822,0.11977916284559376,0.05680037150983919,0.02434125244916835,0.05680037150983919,0.04057081197950377,0.25908618899273106,0.3788653518383248,0.7897196261682243,0.7329192546583851,0.1927570093457944,0.21709826179496275
0023,0,0.003882987061367709,4.624580019051501em05,0.2539782741334149,adam,adam,0.5958119034767151,0.8927110433578491,0.8187938928604126,0.7442615032196045,0.12009357661008835,0.8304325938224792,0.882358650174666,0.1851931431308529,0.18816905449263926,0.0862861490619395,0.18816905449263926,0.13722760177728938,0.044582685329186106,0.229775828460039,0.34101382488479265,0.5291828793774319,0.007009345794392523,0.09329549485633203,0.6004254221916199,0.8501424193382263,0.7879718542098999,0.7252839207649231,0.154384583234787,0.7820321321487427,0.8459276397746432,0.1318510333202975,0.02014739371335328,0.040042866662467314,0.040042866662467314,0.030095130187910296,0.20684292379471228,0.33869395711500977,0.6405529953917051,0.6607003891050583,0.15186915887850466,0.19191202554097198
0023,1,0.003882987061367709,4.624580019051501em05,0.2539782741334149,adam,adam,0.6149565577507019,0.8795561194419861,0.8136803507804871,0.747256338596344,0.1305224448442459,0.8165091872215271,0.8739015234891696,0.2385234689884193,0.21098248286367094,0.13235976522371068,0.21098248286367094,0.1716711240436908,0.06587750900669069,0.30440097799511,0.40594059405940597,0.6169230769230769,0.026421596783457783,0.15878136200716847,0.6186131238937378,0.8571428656578064,0.7977575063705444,0.7378779649734497,0.14185166358947754,0.7921432256698608,0.8629246195979111,0.24688311247069603,0.23321401370906325,0.13197519655617523,0.23321401370906325,0.18259460513261924,0.12866700977869275,0.3755501222493888,0.4752475247524752,0.7084615384615385,0.08845491097070649,0.22043010752688172
0023,2,0.003882987061367709,4.624580019051501em05,0.2539782741334149,adam,adam,0.6135194301605225,0.8874143958091736,0.8192243576049805,0.7504669427871704,0.12120674550533295,0.8256257176399231,0.8817928629553297,0.19637773666568814,0.20144975909908863,0.08963085935557448,0.20144975909908863,0.14554030922733155,0.06853582554517133,0.2649135622108595,0.38317757009345793,0.5846273291925466,0.029205607476635514,0.11883646683221,0.6301043629646301,0.8575364351272583,0.8009140491485596,0.7438204288482666,0.14603295922279358,0.7942980527877808,0.8668873342128101,0.16898282470396642,0.0021913275671910926,0.0767619507812474,0.0767619507812474,0.039476639174219244,0.1921079958463136,0.36109082055028,0.705607476635514,0.703416149068323,0.12792056074766356,0.20468251152891095
0024,0,0.005136239175673676,2.7387167512217737em05,0.2542800757547208,sgd,adam,0.6120092868804932,0.8935361504554749,0.8234460949897766,0.7527726888656616,0.11480780690908432,0.8329189419746399,0.8850747373986162,0.21523590382557398,0.3116462550879521,0.09644812570242646,0.3116462550879521,0.20404719039518926,0.0352514256091239,0.25048732943469787,0.2626728110599078,0.5743190661478599,0.006425233644859813,0.10287335934728627,0.6092759370803833,0.8708788752555847,0.8057491779327393,0.7400773763656616,0.13117995858192444,0.8059008717536926,0.863345819199061,0.09450666800056995,0.08131040542236723,0.012114680754426732,0.08131040542236723,0.04671254308839698,0.18351477449455678,0.2780214424951267,0.6774193548387096,0.5961089494163424,0.12091121495327103,0.13302589570769777
0024,1,0.005136239175673676,2.7387167512217737em05,0.2542800757547208,sgd,adam,0.6232697367668152,0.8927924633026123,0.8256909847259521,0.7580311298370361,0.114205002784729,0.8330847024917603,0.888545574928272,0.23392555811281673,0.3376237623762376,0.10622206575959517,0.3376237623762376,0.22192291406791637,0.035512094698919194,0.26943765281173593,0.2623762376237624,0.6,0.009190120620333142,0.11541218637992831,0.6324007511138916,0.8743327856063843,0.8141003847122192,0.7533667683601379,0.12801915407180786,0.8126968145370483,0.8752657752585312,0.13079036148823373,0.04162985529322172,0.03222388978443157,0.04162985529322172,0.03692687253882664,0.1718991250643335,0.3026894865525672,0.6831683168316832,0.6415384615384615,0.11257897759908099,0.14480286738351256
0024,2,0.005136239175673676,2.7387167512217737em05,0.2542800757547208,sgd,adam,0.6237211227416992,0.8946642279624939,0.8272091150283813,0.759192705154419,0.11099208146333694,0.8354052901268005,0.8926810893795398,0.22498097996961344,0.33926394613107336,0.09918199434412017,0.33926394613107336,0.21922297023759676,0.035306334371754934,0.26028731434136837,0.2570093457943925,0.5962732919254659,0.007593457943925234,0.1067754522880454,0.635852575302124,0.8684566617012024,0.8105466365814209,0.7521545886993408,0.1320107877254486,0.8067296743392944,0.8671444768264546,0.1515594907865683,0.011123527021535962,0.05322134017166556,0.05322134017166556,0.03217243359660076,0.1786085150571132,0.3301680058436815,0.6682242990654206,0.6793478260869565,0.11740654205607477,0.17062788222774034
0025,0,0.00011308202822135574,0.00018620863641332256,0.20158460443855475,sgd,adam,0.3351675868034363,0.8679845333099365,0.7353322505950928,0.6015760898590088,0.15224696695804596,0.7797116041183472,0.773468818592792,0.07766348651999794,0.10449174272445264,0.031179446545968114,0.10449174272445264,0.06783559463521037,0.029548989113530325,0.10721247563352826,0.1336405529953917,0.23813229571984434,0.016355140186915886,0.047534586732884,0.6156378388404846,0.8336302042007446,0.7793579697608948,0.724634051322937,0.1536542922258377,0.7677772045135498,0.8494266895224817,0.12666017904619853,0.03716760207283609,0.0335884170498586,0.03716760207283609,0.035378009561347346,0.2690513219284603,0.39571150097465885,0.7788018433179723,0.7416342412451362,0.2044392523364486,0.2380276693863072
0025,1,0.00011308202822135574,0.00018620863641332256,0.20158460443855475,sgd,adam,0.4827585816383362,0.8768725991249084,0.7787524461746216,0.6798155903816223,0.13508090376853943,0.8010939955711365,0.8414374889245002,0.1552091578193679,0.24201827875095203,0.06822017585575793,0.24201827875095203,0.15511922730335498,0.030365414307771486,0.18557457212713938,0.16336633663366337,0.4053846153846154,0.014933946008041356,0.08315412186379928,0.6400434970855713,0.8419797420501709,0.7917048931121826,0.7410116195678711,0.1481551229953766,0.7803745865821838,0.8656128619502697,0.15773442877510263,0.07763899466869761,0.058417998143035665,0.07763899466869761,0.06802849640586664,0.25424601132269686,0.4119804400977995,0.8514851485148515,0.7738461538461539,0.18495117748420448,0.24336917562724014
0025,2,0.00011308202822135574,0.00018620863641332256,0.20158460443855475,sgd,adam,0.5587774515151978,0.8816481232643127,0.8012649416923523,0.7202128171920776,0.12934280931949615,0.8133598566055298,0.846514806565571,0.21371270234619566,0.37374470308237073,0.0988912851047465,0.37374470308237073,0.2363179940935586,0.028556593977154723,0.24226929632335037,0.1542056074766355,0.5279503105590062,0.012850467289719626,0.11174175239446613,0.6357427835464478,0.8503274321556091,0.7969035506248474,0.743035078048706,0.14681777358055115,0.787833571434021,0.8649195319945656,0.14820680746419568,0.07549196029488592,0.059305306448564965,0.07549196029488592,0.06739863337172544,0.23260643821391486,0.38081324567811053,0.8084112149532711,0.7329192546583851,0.16063084112149534,0.2199361475700603
0026,0,0.0006059249262260327,5.498951390975853em05,0.29512916266181716,adam,adam,0.6216423511505127,0.8957716226577759,0.8275232911109924,0.7587069869041443,0.11437585949897766,0.8365655541419983,0.8855609573463588,0.22099556174001617,0.33409241693413905,0.09678151926347581,0.33409241693413905,0.2154369680988074,0.03265940902021773,0.2536549707602339,0.2534562211981567,0.5875486381322957,0.004672897196261682,0.10145441645973749,0.6358417868614197,0.8721163868904114,0.8132925033569336,0.7539790868759155,0.12882952392101288,0.8107077479362488,0.8734051647755174,0.13599674406337253,0.08057881618820495,0.05227979862946029,0.08057881618820495,0.06642930740883263,0.17833074131674442,0.31432748538011696,0.7327188940092166,0.6521400778210117,0.1080607476635514,0.1603405462930117
0026,1,0.0006059249262260327,5.498951390975853em05,0.29512916266181716,adam,adam,0.618890106678009,0.8890316486358643,0.8217761516571045,0.7539608478546143,0.11511710286140442,0.8281120657920837,0.8871762537759558,0.25097566714945635,0.396024371667936,0.11833494942757325,0.396024371667936,0.25717966054775465,0.0319094184251158,0.28288508557457215,0.21782178217821782,0.6138461538461538,0.010338885697874785,0.12867383512544803,0.6275968551635742,0.864155650138855,0.8052610158920288,0.7458762526512146,0.1377350240945816,0.8009282350540161,0.8622907997899365,0.08571966069660128,0.08521706016755526,0.016607684373706855,0.08521706016755526,0.05091237227063106,0.22748327328872878,0.31320293398533006,0.7475247524752475,0.6623076923076923,0.167145318782309,0.15053763440860216
0026,2,0.0006059249262260327,5.498951390975853em05,0.29512916266181716,adam,adam,0.6474031209945679,0.8966995477676392,0.8346336483955383,0.7720513343811035,0.11005381494760513,0.8402121663093567,0.8946422793591478,0.23743445390325918,0.32745835026412035,0.10807172955213787,0.32745835026412035,0.21776503990812912,0.04257528556593977,0.28000973946919894,0.308411214953271,0.6358695652173914,0.009345794392523364,0.11741752394466123,0.6305295825004578,0.8660795092582703,0.8074360489845276,0.748304545879364,0.1333952397108078,0.803414523601532,0.8642975407468186,0.09554237237995764,0.09162216288384517,0.00373446373573183,0.09162216288384517,0.0476783133097885,0.21806853582554517,0.3136109082055028,0.7523364485981309,0.6607142857142857,0.15128504672897197,0.1550195104647038
0027,0,0.0002450089287012632,0.0008737432355801134,0.2295283316148355,adamw,adam,0.5869905352592468,0.889215886592865,0.8139725923538208,0.7381032109260559,0.11892346292734146,0.8252941966056824,0.8748525103437453,0.22612729984629798,0.40512471086087254,0.10114236505952598,0.40512471086087254,0.2531335379601993,0.02021772939346812,0.2463450292397661,0.15207373271889402,0.5571984435797666,0.0035046728971962616,0.10464703795672224,0.6167535781860352,0.8581809997558594,0.7980742454528809,0.7374672889709473,0.14356380701065063,0.7929719686508179,0.8484113435451768,0.02955732600899169,0.2197887715397443,0.04963046980933783,0.2197887715397443,0.13470962067454106,0.2711249351995853,0.300682261208577,0.8571428571428571,0.6373540856031128,0.19684579439252337,0.14721532458318554
0027,1,0.0002450089287012632,0.0008737432355801134,0.2295283316148355,adamw,adam,0.6100698113441467,0.8864633440971375,0.8176513314247131,0.7482665777206421,0.11825168132781982,0.8241339325904846,0.8802824072427817,0.25477150123256076,0.4153922315308454,0.12263602469639046,0.4153922315308454,0.2690141281136179,0.029336078229541946,0.2841075794621027,0.19306930693069307,0.6084615384615385,0.010338885697874785,0.13297491039426523,0.6259669065475464,0.8396874070167542,0.7864786982536316,0.7328271865844727,0.1512255072593689,0.7755677103996277,0.857854648888659,0.18912917916110367,0.009299314546839299,0.09279386666501971,0.09279386666501971,0.051046590605929504,0.22285126093669583,0.4119804400977995,0.7623762376237624,0.7530769230769231,0.16025272831705917,0.2530465949820789
0027,2,0.0002450089287012632,0.0008737432355801134,0.2295283316148355,adamw,adam,0.6377025842666626,0.8947593569755554,0.8307614326477051,0.7662309408187866,0.11203137785196304,0.836897075176239,0.8902401447521896,0.24220406311843545,0.37264903929877524,0.10936531314544497,0.37264903929877524,0.2410071762221101,0.036344755970924195,0.27854881908935963,0.2570093457943925,0.6296583850931677,0.008761682242990653,0.11812699538843562,0.6490438580513,0.8533490300178528,0.802484393119812,0.7511964440345764,0.1431323140859604,0.7931377291679382,0.8722969535800278,0.1599586451821865,0.06856243106751037,0.06671207228652037,0.06856243106751037,0.06763725167701537,0.23156801661474558,0.3915266617969321,0.8271028037383178,0.7585403726708074,0.15712616822429906,0.22383824051081944
0028,0,0.0028464952203538932,1.3248594008109088em05,0.2198367987252447,sgd,adamw,0.6040530204772949,0.8930526375770569,0.8211020827293396,0.7485527992248535,0.11628690361976624,0.8315929174423218,0.8811854186325832,0.2104869050109289,0.30146855780092885,0.09500784065403985,0.30146855780092885,0.19823819922748434,0.03317781233799896,0.24366471734892786,0.25806451612903225,0.5595330739299611,0.004672897196261682,0.09968073785030153,0.6204450130462646,0.8687115907669067,0.8069021701812744,0.7445783019065857,0.13318023085594177,0.8049063682556152,0.8604755933455607,0.07869612470782969,0.12936219046423636,0.0040510736557339555,0.12936219046423636,0.06670663205998516,0.2115085536547434,0.2902046783625731,0.7511520737327189,0.6217898832684825,0.143107476635514,0.13905640297978006
0028,1,0.0028464952203538932,1.3248594008109088em05,0.2198367987252447,sgd,adamw,0.6171002984046936,0.8901450634002686,0.8221666812896729,0.7536226511001587,0.11505836248397827,0.8292723298072815,0.8862473077168351,0.23960037096366243,0.36391469916222396,0.11059210810744041,0.36391469916222396,0.2372534036348322,0.034482758620689655,0.2740831295843521,0.2376237623762376,0.6015384615384616,0.010913268236645606,0.12150537634408602,0.6154360175132751,0.8731400966644287,0.8089810609817505,0.7442880868911743,0.13017140328884125,0.8092159628868103,0.8662714409184723,0.09808012462768362,0.012223914699162175,0.0055801572449401815,0.012223914699162175,0.008902035972051178,0.1806484817292846,0.2787286063569682,0.6237623762376238,0.6115384615384616,0.1292360712234348,0.12365591397849462
0028,2,0.0028464952203538932,1.3248594008109088em05,0.2198367987252447,sgd,adamw,0.6324785947799683,0.8945066928863525,0.8292710781097412,0.7634926438331604,0.11167244613170624,0.8360682725906372,0.890805270747662,0.23687959239866285,0.36100307656585595,0.10675680379799292,0.36100307656585595,0.23387994018192443,0.03582554517133956,0.2727051375700024,0.2570093457943925,0.6180124223602484,0.008177570093457943,0.11493437389145086,0.6329113841056824,0.882642388343811,0.8204683065414429,0.7577768564224243,0.12567953765392303,0.8221448659896851,0.8652688051332131,0.138540915252206,0.08060022058396699,0.030427497985963073,0.08060022058396699,0.05551385928496503,0.14122533748701974,0.27976625273922573,0.5467289719626168,0.6273291925465838,0.0905373831775701,0.12096488116353317
0029,0,0.0017426089569220844,0.0004696835080823421,0.06750107523208347,adam,adamw,0.6109399199485779,0.893347442150116,0.8230381011962891,0.7521436810493469,0.11485966295003891,0.8325874209403992,0.8878241062237033,0.20636582600444434,0.24545177428320392,0.09738697357384636,0.24545177428320392,0.17141937392852513,0.04095386210471747,0.2473196881091618,0.31797235023041476,0.5634241245136187,0.005841121495327103,0.10322809506917346,0.6428571939468384,0.8730621933937073,0.8157494068145752,0.7579597234725952,0.12733587622642517,0.8126968145370483,0.8803043745689189,0.2304571801891111,0.09119403252703118,0.13585860134666963,0.13585860134666963,0.1135263169368504,0.11871435977190253,0.34917153996101363,0.5990783410138248,0.690272373540856,0.05782710280373832,0.19368570415040795
0029,1,0.0017426089569220844,0.0004696835080823421,0.06750107523208347,adam,adamw,0.6194625496864319,0.8874570727348328,0.8207360506057739,0.7534598112106323,0.11928418278694153,0.8262887597084045,0.8838135630826669,0.24613829092460301,0.3358492003046458,0.12155622669787683,0.3358492003046458,0.2287027135012613,0.040658775090066906,0.2867970660146699,0.27722772277227725,0.6130769230769231,0.013210798391728892,0.13476702508960572,0.6363928914070129,0.8740096092224121,0.8148515820503235,0.7552012205123901,0.1248447448015213,0.8128625750541687,0.8806415987393841,0.24617151155108868,0.1937471439451638,0.133679198087862,0.1937471439451638,0.1637131710165129,0.09881626351003603,0.3449877750611247,0.4900990099009901,0.6838461538461539,0.053417576105686385,0.1870967741935484
0029,2,0.0017426089569220844,0.0004696835080823421,0.06750107523208347,adam,adamw,0.6297808885574341,0.8936306834220886,0.8279415369033813,0.761705756187439,0.11301016062498093,0.8347422480583191,0.8914036048749537,0.20151978196939044,0.21154292680095205,0.0897535249790308,0.21154292680095205,0.15064822588999144,0.060228452751817235,0.2617482347212077,0.38317757009345793,0.59472049689441,0.01985981308411215,0.10961333806314295,0.6483990550041199,0.870492160320282,0.8151989579200745,0.7594456076622009,0.12969523668289185,0.8107077479362488,0.881904315911015,0.20928442966836502,0.060094618912172715,0.11063776178335925,0.11063776178335925,0.08536619034776599,0.14693665628245067,0.3562210859508157,0.6495327102803738,0.7096273291925466,0.08411214953271028,0.19474991131606953
