dataset,method,eo_tpr_diff,roc_auc,f1_weighted,dp_diff,eod_max_diff
Census,RL (ours),0.04322473058509213,0.8638974268399876,0.807225227355957,0.1502028139295881,0.060881518268889684
Census,Alpha,0.40590292097760405,0.874505294346007,0.8143256902694702,0.22612729984629798,0.40590292097760405
Census,RL (ours),0.01622239146991622,0.8608974541705741,0.7862693667411804,0.169544864833576,0.07091195065662836
Census,Alpha,0.41616146230007617,0.8800655992848203,0.8178497552871704,0.25501600001006686,0.41616146230007617
Census,RL (ours),0.04364515005514602,0.8686764590492306,0.7899577021598816,0.14334731296085174,0.046980312167435256
Census,Alpha,0.37264903929877524,0.8900732224612752,0.8304671049118042,0.24269103657838187,0.37264903929877524
Census,RL (ours),0.016260104949652576,0.8256944834239994,0.7522673606872559,0.11753120923697907,0.03177667611421628
Census,Alpha,0.4789746135299958,0.8805662192189271,0.8261430263519287,0.2640712377381063,0.4789746135299958
Census,RL (ours),0.027193663827780434,0.8431559362768278,0.7788280248641968,0.18994392276021863,0.10180341998434098
Census,Alpha,0.49186478763836106,0.8743289679823649,0.8195276856422424,0.26444113762393295,0.49186478763836106
Census,OT Repair,0.1426957628790188,0.8587139460341409,0.8016467690467834,0.038071569973837316,0.1426957628790188
Census,OT Repair,0.11934501142421933,0.8626311831410837,0.8112671375274658,0.06949314635825174,0.11934501142421933
Census,OT Repair,0.19541272421199274,0.8631587663149641,0.8121352791786194,0.04577588449778397,0.19541272421199274
Census,OT Repair,0.14639767408878174,0.8570751394227252,0.8050843477249146,0.041021390925381845,0.14639767408878174
Census,OT Repair,0.031105223735678367,0.8699998618776819,0.8230329751968384,0.09778749572429773,0.031105223735678367
Census,FairTabDDPM,0.09092506589682436,0.8717251418766003,0.8110399842262268,0.12987556804574074,0.09092506589682436
Census,FairTabDDPM,0.1312490479817212,0.854407688887413,0.7946287989616394,0.08900586016884632,0.1312490479817212
Census,FairTabDDPM,0.06338886631450635,0.8661227390184676,0.7571370601654053,0.13484841244376483,0.06338886631450635
Census,FairTabDDPM,0.07078428591689123,0.8830467638087788,0.7801744937896729,0.30524594160536245,0.21541383405346123
Census,FairTabDDPM,0.01522318084722718,0.8718252805572853,0.7877761125564575,0.16551037528806378,0.05900714854364464
Census,CTGAN,0.24497839301404006,0.8507702964134336,0.8060778975486755,0.20888735793172233,0.24497839301404006
Census,CTGAN,0.21348819497334354,0.8659337759320979,0.810253381729126,0.25310417812295916,0.21348819497334354
Census,CTGAN,0.14975764787833057,0.8733840056118805,0.817395806312561,0.19809162534598249,0.14975764787833057
Census,CTGAN,0.23513686001985534,0.8666781670639399,0.8135090470314026,0.24621530666358366,0.23513686001985534
Census,CTGAN,0.12682747524065796,0.8691222708719721,0.8272830247879028,0.18684606722777197,0.12682747524065796
Census,GroupDRO,0.09900482346823503,0.881150667645082,0.8049514293670654,0.2383472938437332,0.12926283762055213
Census,GroupDRO,0.014310738766184272,0.8827335641053594,0.8056957721710205,0.23659604347371987,0.1339334498568161
Census,GroupDRO,0.020062982527427886,0.8941478308477682,0.8167083263397217,0.24991030434324196,0.15089363564331487
Census,GroupDRO,0.04084527017444339,0.886053348716829,0.8131861090660095,0.23552059797073982,0.1322078857308968
Census,GroupDRO,0.09532693428024519,0.8906598749669755,0.8155362606048584,0.2640042045446034,0.16077129759390482
Census,FLB,0.14191755276228724,0.8621386448319772,0.8050994277000427,0.20790777271500854,0.14191755276228724
Census,FLB,0.24386138613861386,0.8642776305615907,0.8095093965530396,0.25902223139424707,0.24386138613861386
Census,FLB,0.2423230974632844,0.8700205067560913,0.8171995878219604,0.27324748340156274,0.2423230974632844
Census,FLB,0.32986810381506176,0.8619795102887903,0.81178218126297,0.33047710484845894,0.32986810381506176
Census,FLB,0.2895386578633451,0.8517409730452826,0.6870716214179993,0.04575375949705257,0.2895386578633451
Census,SMOTE,0.2598863167709659,0.8689768750912857,0.7948238253593445,0.010823564007651748,0.2598863167709659
Census,SMOTE,0.2009215536938309,0.863771867775211,0.800808310508728,0.05330488607464323,0.2009215536938309
Census,SMOTE,0.32060138155221457,0.8838661671144866,0.808924674987793,0.014591757708706438,0.32060138155221457
Census,SMOTE,0.19462487590412708,0.873620429877797,0.8010272979736328,0.033536829035963195,0.19462487590412708
Census,SMOTE,0.2527810913529559,0.8763437905642474,0.8057558536529541,0.016633667816008724,0.2527810913529559
Capture-24,RL (ours),0.004105025409373297,0.9664582561211802,0.955696702003479,0.026739148151100622,0.031156112726791925
Capture-24,Alpha,0.3343817052512705,0.9522072115154704,0.9614923596382141,0.01643107946791872,0.3343817052512705
Capture-24,RL (ours),0.009676009131976526,0.9538057253224126,0.9560880064964294,0.0008816950507190974,0.014971205406060329
Capture-24,Alpha,0.09920580949142666,0.9423369352792333,0.9558358788490295,0.006967943681946646,0.09920580949142666
Capture-24,RL (ours),0.01613799298961749,0.9382262499266948,0.937522828578949,0.029588771014818563,0.01613799298961749
Capture-24,Alpha,0.2653401311155953,0.9007474184134454,0.9362516403198242,0.013825109193929735,0.2653401311155953
Capture-24,RL (ours),0.038990539072235375,0.9403832490372579,0.9375520348548889,0.060290725842804704,0.05186532853765896
Capture-24,Alpha,0.2348858950861375,0.9373574431460245,0.9440678954124451,0.012318103103009754,0.2348858950861375
Capture-24,RL (ours),0.02999031285649645,0.9583071143195705,0.9493827819824219,0.05045506258624375,0.04955785111719244
Capture-24,Alpha,0.0923831647642901,0.9586146366863932,0.9748620986938477,0.006053904784927322,0.0923831647642901
Capture-24,OT Repair,0.03373235460191981,0.9624118897251047,0.9725971817970276,0.005097092745623182,0.03373235460191981
Capture-24,OT Repair,0.1932760850419388,0.9143097244975892,0.9379660487174988,0.017583230659584833,0.1932760850419388
Capture-24,OT Repair,0.01950421652535314,0.9271990411458844,0.9366560578346252,0.003105209596950334,0.01950421652535314
Capture-24,OT Repair,0.051517918028921195,0.9519781270087819,0.9731322526931763,0.007801484555531243,0.051517918028921195
Capture-24,OT Repair,0.3247170544518385,0.9482421814525426,0.955737829208374,0.0353054091063022,0.3247170544518385
Capture-24,FLB,0.0,0.8357119222040232,0.9471803903579712,0.0,0.0
Capture-24,FLB,0.01852974663017176,0.868385711691555,0.9273686408996582,0.0024312940659782407,0.01852974663017176
Capture-24,FLB,0.3022370699871632,0.8874478869274633,0.9411894679069519,0.01977706834440813,0.3022370699871632
Capture-24,FLB,0.17970208847166186,0.9409605423740057,0.9643221497535706,0.017533829140596764,0.17970208847166186
Capture-24,FLB,0.1495191140039831,0.9423730663466268,0.957720160484314,0.014418915485424087,0.1495191140039831
Capture-24,FairTabDDPM,0.10956521739130431,0.9578347719700955,0.960134744644165,0.03228120840993872,0.10956521739130431
Capture-24,FairTabDDPM,0.33975779847389154,0.9094278649519135,0.9402678608894348,0.022554004985840134,0.33975779847389154
Capture-24,FairTabDDPM,0.052529900544680985,0.9413987286085941,0.9129831194877625,0.11741057591327267,0.1108415866030509
Capture-24,FairTabDDPM,0.37832676901898554,0.9476670077068602,0.9518800377845764,0.0638863640418157,0.37832676901898554
Capture-24,FairTabDDPM,0.19474911351823965,0.9408039019063604,0.9386271834373474,0.0850941590982557,0.19474911351823965
Capture-24,GroupDRO,0.05009599096555617,0.9507990050591394,0.9260258078575134,0.021214603524624287,0.05009599096555617
Capture-24,GroupDRO,0.2294635551026114,0.8982530136157353,0.9138436913490295,0.05112978523985247,0.2294635551026114
Capture-24,GroupDRO,0.13146397971468193,0.9366185546950226,0.9098378419876099,0.0265890943476651,0.13146397971468193
Capture-24,GroupDRO,0.06716791261176858,0.9637133072015337,0.9403923153877258,0.0381590600401356,0.06716791261176858
Capture-24,GroupDRO,0.07345897896730946,0.947420831450764,0.9076255559921265,0.06395483442853575,0.07345897896730946
Capture-24,CTGAN,0.01625070581592314,0.9476408349672422,0.9546420574188232,0.004391258919143409,0.01625070581592314
Capture-24,CTGAN,0.33743294608410557,0.8936175388800541,0.9416570067405701,0.016908884500202337,0.33743294608410557
Capture-24,CTGAN,0.42085060640052946,0.8755693390807657,0.9435661435127258,0.046226806165387775,0.42085060640052946
Capture-24,CTGAN,0.031611475441179315,0.9134799096062387,0.9561817049980164,0.01554931247333223,0.031611475441179315
Capture-24,CTGAN,0.14078058969252438,0.9065099258819076,0.9145894050598145,0.014112415656424918,0.14078058969252438
Capture-24,SMOTE,0.3761490683229814,0.9509230638180861,0.9694322943687439,0.03901454059370239,0.3761490683229814
Capture-24,SMOTE,0.2675557431263375,0.8735647558070587,0.9399937391281128,0.040021018558011934,0.2675557431263375
Capture-24,SMOTE,0.1765953068494629,0.8847421458761315,0.9388696551322937,0.06762055922772284,0.1765953068494629
Capture-24,SMOTE,0.35206393514712353,0.9405069207902219,0.9660670161247253,0.0415398745172299,0.35206393514712353
Capture-24,SMOTE,0.4844124933210278,0.9494966200870096,0.9542891979217529,0.08777349992629875,0.4844124933210278
