pca_0,pca_1,target
0.08636153,1.987682,1
0.03148488,-0.2818738,1
-0.6263967,1.0531354,1
-0.80500937,-2.042414,1
-1.3758603,-0.21184999,1
1.3563225,-0.4973601,1
-1.8320118,0.10159208,1
0.6745109,1.2234297,1
0.7121724,-0.62799984,1
0.87900484,1.4719422,1
-1.0830494,-0.92682016,1
0.46917567,0.7876879,1
1.1223373,0.35646597,1
0.17428416,2.1710699,1
-1.7367005,1.1472605,1
0.53488314,0.3255896,1
0.26442587,-0.6653795,1
0.30600527,0.14257836,1
-0.49367458,0.43725383,1
1.1497263,-0.57500714,1
-0.76442057,0.30096617,1
0.5489995,-0.027426183,1
-0.41831493,0.27783304,1
-1.0823174,-0.013357833,1
-1.7691102,-1.8952788,1
0.3281178,-1.2641205,1
0.047791675,-0.62867874,1
0.46583444,-0.08043863,1
-1.3119758,0.023209453,1
-0.35991168,-0.14928356,1
-0.6564385,-1.4899068,1
0.56539035,-0.5848254,1
0.8525901,-0.96957725,1
-0.011222102,-1.2433815,1
0.19438642,0.080973595,1
0.040108204,-0.6268134,1
0.62736154,-0.6534166,1
-1.3960193,0.7081194,1
-0.9508261,0.8441229,1
-0.03159102,-0.508386,1
-1.8163608,2.0387118,1
-2.1599743,-0.57113206,1
-1.9216015,-1.3582958,1
-0.33828002,0.31227466,1
-0.8441857,1.247264,1
-1.4857416,1.354636,1
1.2140139,-0.012667671,1
0.77330124,1.670984,1
-0.20847082,-1.2482,1
0.5562246,-0.85676914,1
-0.1979059,-0.3985228,1
-0.20390326,-1.1563436,1
0.93482304,-1.3705565,1
2.2117946,0.33666092,1
-0.07658624,0.89120734,1
-0.7841207,0.60733414,1
0.42763135,-1.098907,1
-0.8387991,0.038346812,1
0.42775643,-0.754948,1
-1.2262682,1.3451508,1
-0.09425465,-0.49035364,1
-0.9181065,-0.9234462,1
0.105069816,-1.5383408,1
-1.1624372,-0.46831864,1
-0.38509628,-2.0720112,1
-0.04697183,-0.3059617,1
0.2733232,-1.0519686,1
-0.9016765,-0.6816561,1
0.82975286,1.0045514,1
0.4671053,-0.62964916,1
1.0760118,-0.7421256,1
0.5580917,0.39964238,1
-1.0771292,0.6751297,1
1.0283997,-1.375393,1
1.1715668,0.94680786,1
0.03852675,0.22861446,1
-0.17519033,0.039883643,1
0.21879852,0.7376207,1
-0.649802,0.3492466,1
-0.59342813,-0.30702955,1
1.4457932,0.13838,1
0.55267787,-2.068574,1
0.46705317,0.78752655,1
1.3642795,-0.599996,1
-1.9284935,-0.034293488,1
1.2492914,0.5566727,1
0.029674739,-0.29788056,1
0.0288551,0.51559436,1
0.91584605,-1.9467583,1
0.060478866,-1.4152143,1
-0.5986216,-1.9090033,1
-2.1676784,-0.49260652,1
1.5352167,-1.7833546,1
-1.5905062,-0.7096839,1
0.09799095,-1.4461432,1
-0.73393154,0.41332936,1
1.0235653,-1.4815962,1
1.2469167,0.58530784,1
1.0943674,0.05827655,1
0.51085997,-0.0061496943,1
0.7288397,-1.0455112,1
1.1416405,-0.4198713,1
1.0229925,0.45970896,1
0.31104225,-0.555514,1
0.16278535,-0.81627715,1
-0.15670721,0.9531944,1
0.17564584,-0.19463599,1
-0.0015388057,-1.2979805,1
1.0558747,-0.76865137,1
0.9698425,-0.1771846,1
-0.9356039,-1.1647531,1
-0.055579387,0.40057743,1
-1.3065767,0.87630606,1
0.15578392,-1.1095417,1
0.5771544,-0.31078035,1
-0.6142927,-0.3236782,1
1.1226728,0.58258873,1
-0.83702403,0.5118225,1
-0.8042151,1.7287251,1
-0.94253314,1.7787201,1
0.39761704,0.34723508,1
0.42101306,0.67847025,1
-0.13616289,-0.9861084,1
0.23565444,1.3251989,1
-0.14877838,0.5410534,1
-1.0066493,-0.11213484,1
0.17757523,0.61788106,1
-1.0735579,0.21521652,1
1.7362536,-1.2268698,1
0.41523582,2.5517013,1
1.8439201,0.0967516,1
0.79133505,1.1504571,1
-0.43809125,0.7103312,1
0.20979932,1.1732861,1
-0.23436306,-1.7357689,1
0.09346107,-1.5481231,1
-0.5050274,0.5382024,1
0.5980719,-0.46679682,1
-0.55376124,-1.5970072,1
1.0860673,0.6367217,1
0.51517344,-0.50520253,1
0.9181807,-1.4452649,1
0.378538,-1.6752716,1
-0.47950575,-1.2179055,1
-1.1852045,-0.79618144,1
0.55857736,-1.0024267,1
-2.2941499,0.024844617,1
-0.08334463,-0.40211827,1
-0.37101945,-1.7382824,1
-0.42463732,0.16174145,1
-0.39423922,0.095522866,1
0.17948033,0.43584955,1
0.20932998,0.11961639,1
-0.045946646,0.098410785,1
0.26837263,-0.10637007,1
-1.7793689,0.7813738,1
-1.596108,0.92340267,1
0.4522906,-0.7726292,1
-0.37197396,-0.32631963,1
-2.466733,-1.6624334,1
0.7449883,-1.4800664,1
-0.7012361,0.11960329,1
-1.1273612,0.90285575,1
-1.3258225,0.4553306,1
2.2927248,-0.66009265,1
-0.42113546,-1.1133382,1
-1.098638,0.81940144,1
-2.5704374,0.43366712,1
0.3347345,2.1194322,1
0.049576722,0.39876986,1
-1.5544357,2.106737,1
-1.0350751,-1.0955877,1
-0.25866374,-0.64840555,1
1.5354404,-1.0103688,1
0.6824963,0.17776191,1
-0.65903854,0.8313305,1
0.42506993,-0.07712273,1
0.12775944,0.45184463,1
-0.9924146,-2.056787,1
2.0798354,-0.8029276,1
0.61564577,-0.7342956,1
-0.3400997,-1.0516694,1
-0.8719568,0.17481941,1
-0.50535357,-0.8107479,1
0.04314865,0.60049826,1
1.5827885,0.9882258,1
0.74823743,-0.327293,1
-2.3313816,-0.10964426,1
-0.46070516,1.521824,1
-1.3211792,-0.91446865,1
-0.30393538,-1.2138723,1
0.009124413,1.3215644,1
1.0370739,-0.8744289,1
-0.18946224,0.9704899,1
-0.81377685,-0.7512739,1
-1.0568371,-1.8558412,1
0.88608277,0.825786,1
0.70785517,0.54482865,1
1.4276787,-0.030431613,1
0.17839614,-0.60300106,1
0.46674114,0.9626855,1
0.13099407,0.3573452,1
0.1763271,-0.95893836,1
0.3887959,0.09876065,1
-2.1577997,-0.12438908,1
-1.4210072,1.7388905,1
1.1826755,-0.4596878,1
-0.9171481,0.20679648,1
-0.48406577,-1.5831623,1
1.4941648,-0.34894073,1
-0.7656199,-0.9197421,1
0.604763,0.29928356,1
-1.1624038,-0.54137015,1
-1.355908,-0.91504854,1
-0.26414585,-1.4337218,1
1.0389327,1.0816842,1
0.45570046,-1.5622191,1
-0.60759175,-2.3806434,1
-1.7083275,0.74413526,1
-0.8565268,-0.8762641,1
-0.7479508,-1.2145585,1
-0.567445,-0.67992854,1
-0.17208156,0.5094433,1
1.5817486,-1.5748624,1
-0.26037085,-0.9796724,1
-1.3542771,0.48925936,1
0.2529534,-1.8033988,1
-0.051934097,-0.7364186,1
-1.0184395,0.60280657,1
-1.6446645,-2.3206935,1
-1.1639917,-0.63899076,1
0.792658,1.3403132,1
0.97312796,0.718974,1
0.74482995,-0.84834325,1
-0.23128855,1.280515,1
1.0264517,-1.0342537,1
-0.1665074,0.7008514,1
-1.1430079,0.034228384,1
0.53004277,-0.6463237,1
-0.6665963,-0.7119127,1
0.6688069,-0.4523988,1
1.505775,0.6263956,1
0.6007912,-1.0417845,1
-1.7816782,0.13601431,1
-1.5953666,-0.3193257,1
0.5886628,-1.3692784,1
0.3298054,-0.077195786,1
0.04204622,-1.5946143,1
0.26280153,-0.62692416,1
0.86607367,-1.1574979,1
-1.3758461,-0.5921547,1
0.19930348,-0.90042174,1
0.46510994,-0.05715233,1
1.1456043,0.47381532,1
-0.08550543,-1.3356566,1
-0.82780063,0.5582019,1
-0.6960074,-0.31315738,1
-0.82255584,-0.75118446,1
-0.43693024,0.8294449,1
-0.040356696,-0.55429614,1
-0.5073024,-0.18318,1
-0.47986257,-1.0546967,1
1.8366572,-1.3554276,1
1.3476543,1.1468207,1
-1.8938311,-0.72590655,1
0.037602335,1.8955438,1
-0.6170157,-0.4243275,1
-1.3171817,0.035120815,1
-0.7031413,-2.0189424,1
0.41121143,0.45937496,1
-0.5674816,-0.70434934,1
-0.07186636,0.01216127,1
0.47450447,-0.6273281,1
0.52191687,-0.28006566,1
-0.4095575,0.8869539,1
0.16439064,-1.0702305,1
0.6146875,-0.08382247,1
0.52300644,-1.4023533,1
1.2205484,-0.7671263,1
-0.19668445,0.37071177,1
1.3222091,-0.8318699,1
0.31839478,0.2848736,1
0.18710086,-1.6611315,1
1.0173063,0.420215,1
-1.284137,-0.5671091,1
0.23119703,-1.4649054,1
0.9497754,-0.2898466,1
0.60782135,0.33793038,1
-0.7959308,-0.42472982,1
-0.29300523,0.3003009,1
-0.12463021,1.3749292,1
2.556946,-0.32837528,1
0.5728291,-0.43329346,1
0.9506978,-0.9700849,1
-2.6883023,0.21284394,1
-0.32293296,1.233612,1
-0.27446604,-1.6521683,1
-0.19784282,1.1136963,1
-0.7525373,0.12060866,1
-1.448735,1.3064945,1
0.92307335,-0.48784482,1
-0.42965075,-0.7297373,1
-0.9351182,-0.40106335,1
0.43851453,-1.5779043,1
1.1689994,-0.62534124,1
1.1455538,-0.59239423,1
-0.6988954,-0.29153812,1
0.103390455,-1.3776913,1
-0.78265023,-0.5348401,1
1.5422789,0.6445775,1
0.81877536,1.9970417,1
-1.4880595,-2.0421104,1
1.2308366,1.3025274,1
0.14783573,0.037352964,1
0.88361883,0.2780006,1
-1.4046962,-0.4921167,1
-0.24671054,-0.09920196,1
0.60879946,-0.9958086,1
1.2967184,-0.62786156,1
0.9145662,0.855026,1
1.2220863,-1.0222986,1
-0.895383,-0.09754356,1
-1.3198295,-0.4152407,1
2.4027224,1.3465108,1
-1.5906727,1.4656094,1
-0.4465135,0.41623962,1
0.12017654,-0.9447167,1
-0.70491964,1.1599938,1
0.32843655,0.30836368,1
-0.7351993,0.70613265,1
0.36062825,1.1608423,1
-0.1454148,0.41789448,1
0.632217,-0.74916697,1
-0.107950374,0.056122616,1
-1.1333721,1.4730424,1
0.1684208,0.64844054,1
-0.61813223,1.410803,1
1.69707,0.010231048,1
-0.42517334,-1.1190019,1
0.86414444,0.029905066,1
-2.0853515,-0.48324463,1
0.5912062,1.0755273,1
0.4234327,0.8524825,1
-0.4834918,0.6778387,1
-0.74631906,0.41629216,1
0.89939386,-0.81849563,1
1.3759873,-0.7356957,1
-1.677491,-1.7577353,1
-1.1822028,0.10611275,1
-0.47944543,0.1088717,1
-1.9373343,1.1659653,1
-1.2704694,-1.6624157,1
0.31175363,0.61939406,1
0.3945048,0.45324317,1
-0.7580876,-0.833822,1
-0.058663197,1.653657,1
0.30567634,1.23633,1
-0.6786524,-1.686604,1
1.3107703,0.06819713,1
-2.1245177,-0.66531897,1
0.30034688,-0.45110625,1
-0.20320877,-0.19117355,1
-0.7946726,0.033002228,1
-2.2512991,-0.39321554,1
-0.40364254,-2.943007,1
-1.0497495,1.0642933,1
-2.3220212,-0.35454172,1
-1.6775712,1.4227169,1
-0.74215937,-1.0317891,1
-2.9476953,-0.9465553,1
-1.6830976,-0.22236209,1
0.28607422,-0.07866329,1
0.41657534,1.1284373,1
0.106355816,0.6487613,1
0.07262986,0.25019443,1
2.2218602,-1.5903155,1
-0.42689404,-0.7329718,1
0.67691183,-0.74819684,1
0.3886408,-0.58371633,1
0.07054648,-0.7674511,1
-0.010975242,1.0411322,1
-0.3940507,0.19001636,1
-0.6676926,0.614913,1
-0.06029609,0.5845031,1
-0.40333563,-0.9445938,1
-0.122237116,0.73285913,1
-0.729535,0.48686984,1
-0.65511453,0.061378345,1
0.9036398,-0.30582407,1
-0.5019993,-0.046697155,1
-0.048507337,-1.3167056,1
-1.4296664,0.35416654,1
-0.06883445,0.02435045,1
0.24340372,0.20743044,1
0.72609586,-1.4761229,1
0.027940646,-1.1623385,1
0.059512436,1.1342528,1
0.6665527,-0.9030086,1
0.132984,0.9173607,1
-0.8511298,-2.1967134,1
0.72828656,0.2963604,1
0.1872387,-0.336584,1
1.4957917,-0.70195043,1
-1.1549176,-0.24651967,1
1.6021183,1.1994573,1
-2.4743724,-0.01755765,1
0.62870896,1.1213663,1
0.03978605,-2.3073442,1
-0.21935757,0.3092783,1
-0.017579347,-0.94721097,1
1.5545943,-0.6308509,1
0.36679867,2.5130298,1
0.6777004,-1.2619143,1
-0.483419,-0.32482103,1
0.6704279,0.6560177,1
0.2917189,-1.8981119,1
0.7524747,0.029035538,1
-0.78593785,-0.74911475,1
0.40105167,-0.6781292,1
1.2502394,-2.0794756,1
0.85324657,-1.2659589,1
0.27469218,-1.3346936,1
-0.45999515,0.17103414,1
-2.7562952,-1.2468067,1
0.11124457,2.3843598,1
-1.0450882,-0.21579203,1
0.049478613,-0.0021634102,1
0.15147841,-1.6552719,1
0.60442674,-0.505859,1
0.3682508,-0.21649647,1
-0.21250188,-1.4548885,1
-0.8186442,1.1165695,1
0.9016863,-0.10517678,1
-1.0460714,0.25534657,1
0.685021,1.2527906,1
0.7676962,0.40585548,1
-0.34996969,0.058179155,1
-0.9527936,-2.5087893,1
-0.36990646,0.383343,1
-0.8760072,-0.3215523,1
-0.3919407,1.2914708,1
-0.79161614,-0.30555356,1
-1.1689718,-0.35144183,1
0.87459844,-0.16035232,1
-0.47700363,0.8793514,1
0.26086846,0.23516284,1
1.0641923,-1.5029912,1
2.623519,1.9383135,1
-0.07458717,-1.8558056,1
-1.5607835,0.7352031,1
-0.34031966,-1.3022089,1
-1.533709,-1.5133381,1
1.0166011,-1.4636812,1
-1.2910575,0.021615744,1
-0.83986914,-0.11319546,1
-0.3657781,-1.1825267,1
-1.1338385,-0.20124558,1
-0.061412096,1.1112311,1
-2.006174,-0.89599586,1
0.7741996,2.1703074,1
0.5432254,1.5036365,1
0.5431174,-1.1560081,1
1.1081884,0.73035383,1
1.025445,-1.0223945,1
2.2757933,-1.7816088,1
0.09752715,0.05850856,1
0.947178,-0.92739666,1
1.0287956,-0.36193797,1
-0.15909018,-0.6624977,1
1.3607095,-1.3619471,1
0.6359673,1.0363225,1
1.3408782,0.28303602,1
-0.04577558,1.562663,1
0.849549,-0.48962694,1
-0.75900877,1.3323979,1
-0.33144623,-0.3939223,1
-0.81205785,0.72825056,1
-0.050202455,0.046814367,1
0.58152807,-2.0609612,1
1.5188557,-2.556864,1
0.42010868,-0.6749607,1
0.59161335,-2.1715152,1
0.7200986,0.4525043,1
-1.1268225,0.30775595,1
1.6681226,-1.5425655,1
-0.22817728,-0.94483185,1
1.5199668,-1.5546259,1
-1.5728164,1.4262453,1
0.17106411,-0.018698558,1
0.04649681,-0.6177672,1
0.3513471,0.48854363,1
0.2988552,0.26602918,1
-1.3358111,-1.0337406,1
1.4294119,-0.13898386,1
-0.46706703,-0.091118366,1
-0.27115798,-0.12426388,1
0.549708,1.006923,1
0.30193695,1.8480859,1
2.235085,1.3302844,1
-0.43762326,0.40591782,1
0.8707689,0.56036395,1
0.052031174,-0.09800136,1
-0.8050023,0.032648742,1
0.789397,1.3074872,1
0.7755762,-0.68366027,1
0.31394535,-0.6488945,1
0.09659321,0.75609636,1
-0.5720876,1.2824826,1
0.22959761,0.8432168,1
-0.9496655,-1.285943,1
0.33883584,0.12293255,1
0.7109634,0.8662853,1
-0.5505346,-0.33170214,1
0.79935986,2.0408018,1
0.06887043,0.95047575,1
0.21642233,1.9262338,1
0.23712066,-0.7911882,1
1.0158112,-0.83416337,1
-0.5149253,-0.7947699,1
0.9978914,-0.321798,1
-0.17545143,-0.5747313,1
-0.8431551,-1.8804332,1
-0.8290131,-0.27829233,1
0.30447775,0.40875512,1
0.4264297,-0.12843496,1
-1.9626641,-0.6052625,1
-1.2305055,0.21383803,1
-0.47764665,-0.9646408,1
-1.7305924,-0.53620386,1
0.36136046,0.5265577,1
0.74010646,-0.8873962,1
1.6012619,0.2712415,1
0.57825744,-0.14028595,1
-1.2152811,0.9155956,1
1.7769332,-1.0037984,1
-0.75501865,0.6571502,1
-0.16732186,1.4608035,1
-0.016389385,-0.9280068,1
0.7831807,-1.3395225,1
-0.44675273,0.62626356,1
0.6793152,0.6748755,1
-1.3298113,0.6022446,1
-2.475173,-2.2348037,1
0.90944546,2.0505466,1
-0.40277797,-1.3466235,1
-1.4608579,-1.118046,1
1.3416514,0.58414257,1
-0.69038206,-0.6513248,1
-0.37792015,-0.11661354,1
0.4284832,1.644618,1
-0.5840578,0.3071224,1
0.6393045,-0.40950274,1
0.53557914,-1.1315181,1
-1.1450026,-0.1069757,1
-0.20616187,0.057377994,1
-0.13845325,0.64380014,1
1.4476811,-1.8415163,1
-2.6848733,0.20681599,1
-0.52934223,1.88108,1
-0.7698017,-1.2213156,1
0.532532,-0.071069725,1
-0.14233679,-1.1336093,1
-0.6127957,-1.0790123,1
-2.4672055,-0.9292358,1
-1.2876701,1.0911759,1
-0.6559516,-0.19907548,1
2.1776378,-1.9610373,1
0.6365491,-2.122046,1
-0.1163571,0.21151243,1
0.98703194,1.2824407,1
-0.1609322,0.704846,1
-0.7558704,-0.85445505,1
-0.56586456,-2.2663922,1
-1.2748877,0.33962244,1
-1.0989273,0.8275906,1
-1.0575875,-0.74788344,1
1.4755143,0.70152307,1
-0.20763098,-1.2842679,1
1.2737708,-1.6002401,1
-0.4699659,-1.6605746,1
-1.7080188,-1.0861856,1
-0.7754705,-1.2265091,1
-0.6128316,-0.98605484,1
-0.25015026,-0.62863266,1
-1.148202,0.96175945,1
-0.6981109,-1.0763017,1
0.018863387,0.3538182,1
1.3244281,-1.3049748,1
0.8676218,-1.6422046,1
-0.3049696,-0.53269863,1
-1.3679526,-0.62969327,1
-0.36971116,-0.25928319,1
0.46308923,-0.10500452,1
2.2552168,-1.4615673,1
-0.8111522,-2.9967513,1
0.6227692,0.2228416,1
0.4883746,-1.5222871,1
-0.64559025,0.6137663,1
-0.7314036,-1.267642,1
-0.4509391,0.81322056,1
1.8525072,0.93264955,1
0.49366638,-1.1993756,1
-0.37323725,0.25846928,1
-0.72554517,0.59343743,1
0.57434887,-0.4044194,1
0.31095904,-1.1892717,1
-1.5545996,-0.8787168,1
0.98163205,1.7046912,1
-0.6544868,-1.4227324,1
-0.58359915,0.7338227,1
-0.5215159,0.48722094,1
0.30456024,-0.66416836,1
0.06507842,2.3868694,1
0.59861517,-0.08058308,1
0.6531501,-0.16522515,1
-0.34352487,-0.41369593,1
-0.6128181,0.37116775,1
-1.6602188,-2.0698314,1
1.7084502,-0.8352046,1
-0.4309145,-1.710005,1
-0.5662051,-1.5039282,1
0.19727251,0.06842314,1
-1.0699319,0.06921846,1
-0.79706776,0.550172,1
-0.22547379,0.32131785,1
-0.032747686,-0.9625943,1
0.5704933,2.552382,1
-0.093132295,0.0507541,1
0.19037628,0.22755322,1
0.20726587,-1.771466,1
-0.49199894,0.55265486,1
-0.724213,-1.107311,1
-0.290766,-0.10610176,1
-1.1466665,-2.002185,1
-0.35680854,0.36792088,1
-2.0190377,-0.5511551,1
-0.12956448,1.912337,1
-1.0374242,-0.5778692,1
0.79598975,1.5719243,1
-0.10054485,-0.63056576,1
-0.17636567,-0.38889104,1
-0.39604965,-1.2712883,1
0.8702198,-0.04264693,1
-0.5675907,-0.71606636,1
0.04253547,0.23416442,1
-0.18076256,0.35663658,1
1.186733,0.012232766,1
-0.72293425,-1.4835482,1
0.4054904,-0.15539536,1
1.3446232,-0.6271026,1
-0.6492303,-0.5334712,1
-2.4454358,-0.7421006,1
-0.14050296,-0.46572086,1
0.64036,0.5274645,1
-0.045077603,0.7906561,1
-2.4997041,0.5501106,1
-1.5397735,0.29973292,1
-0.84859216,-0.86449313,1
0.10277293,-0.095914856,1
0.22547334,-0.11031851,1
-0.66514856,-0.8107776,1
1.1867509,-0.71291435,1
0.013429247,-0.83316386,1
2.4717908,-0.5336193,1
0.08156583,-1.337349,1
-0.1792972,-0.29605025,1
-0.3910857,-2.0003893,1
-0.81549907,1.0436267,1
-0.6544779,0.6353968,1
-0.05775362,-0.39433235,1
-0.32042885,1.9382628,1
0.6252172,-0.24045953,1
2.246672,-2.005648,1
-0.011446767,1.5261765,1
-0.99658555,0.44654453,1
-1.002073,-0.7013711,1
1.9810426,-0.4757007,1
1.1413434,-2.3667963,1
-1.408423,-0.44111717,1
-0.6145426,1.3128823,1
0.98411,-1.5924237,1
-0.5623626,-0.93551064,1
-1.5805299,-0.061949633,1
1.176007,2.835691,1
-1.7303774,0.41838968,1
-0.30442005,-0.53469396,1
0.16209164,-0.36501014,1
1.7889148,-0.5859091,1
1.118963,-1.0289108,1
0.22660966,0.68950695,1
0.18971884,0.43099758,1
-0.69380885,-0.4243803,1
-0.5461412,-1.0876108,1
-2.375169,-0.4536097,1
0.57499224,1.6674116,1
0.13867977,0.7613939,1
-0.25114793,-1.0906132,1
-0.33522835,-1.2040884,1
0.74150985,-0.7703911,1
-0.36319506,-0.32924527,1
-0.30103317,1.900758,1
-0.61126876,0.3225699,1
-0.9471518,0.5355226,1
-0.08290161,1.236927,1
0.21338236,-0.21928522,1
-1.1637001,0.6119158,1
1.6744963,-0.9214362,1
-0.71184915,0.2703563,1
0.17716506,-0.18714914,1
-0.87829626,-1.259459,1
0.034005433,1.9879137,1
-0.06406705,-0.37417585,1
-1.8440408,-0.915681,1
-1.1372175,0.8168814,1
-0.23032387,-0.8621634,1
-0.05733334,-0.04904996,1
0.0447096,-0.6677064,1
-0.9843599,0.10664439,1
0.3015268,0.4042578,1
0.91172445,-0.69852537,1
0.32952142,1.0533028,1
-2.6980948,0.84134233,1
-0.5612529,0.7650149,1
0.9136043,-0.71170086,1
1.0811442,-0.5660054,1
-0.23195137,0.63563746,1
1.3256943,-0.68731385,1
1.3147175,-1.4535899,1
0.0025407001,0.6131487,1
-0.7284939,-0.6603965,1
-0.100595355,0.41252494,1
-1.051963,-0.61656725,1
-1.0245236,1.9859053,1
0.16338566,-0.13410065,1
-1.5564971,0.05823192,1
-0.59282047,0.93848,1
-1.8083237,-0.3938761,1
-0.5951733,0.8950513,1
-0.5833639,-1.1092926,1
-1.2595133,-1.0187281,1
-2.301724,-1.7403629,1
0.04592538,0.2986698,1
-0.15587285,-0.3701343,1
-1.2218757,0.2912081,1
1.2566091,-0.45908958,1
0.10115364,-0.91129863,1
0.29618186,-0.6119553,1
1.3393427,2.350194,1
-1.2594075,0.45505744,1
0.18071988,-0.60899377,1
0.24761848,-1.3284919,1
0.27241912,-3.3455462,1
-0.106980406,1.2277377,1
-0.7176071,0.87424433,1
-0.809271,-1.5988314,1
-0.5895423,0.37153116,1
-0.69609976,0.35963437,1
0.049490474,-0.5986883,1
-0.5719838,-2.0773551,1
0.071833,-2.1797643,1
-1.1120183,-1.9859223,1
0.5040364,-0.10277737,1
0.11617817,0.16131544,1
-0.8325297,-0.395076,1
0.44776073,0.9473033,1
0.40940762,-0.11461494,1
0.8777022,0.117223784,1
-1.7291347,-0.41569835,1
0.14166844,0.14117278,1
-0.68442905,1.0956314,1
-0.09717045,0.8213388,1
0.97464514,1.4337771,1
-0.14391936,1.7338237,1
0.97169983,-0.7262876,1
-0.24987856,-0.47421324,1
0.7920207,-0.4425867,1
0.4946167,-0.75051963,1
0.20410065,0.22752221,1
-0.64328456,-0.9447218,1
1.9930165,0.045052275,1
-0.41420692,0.3037305,1
0.40578386,1.6041269,1
0.74538153,0.68942153,1
-0.8518793,1.3540928,1
0.5314827,-1.7517651,1
-0.35650808,-0.13863333,1
-0.51447463,-0.76905066,1
-0.6737593,-0.45412913,1
-0.17347607,-0.43839297,1
-2.5575414,-1.8768249,1
1.3068309,-1.6994243,1
-0.80987906,-0.06639837,1
-0.026853845,-0.79332244,1
-1.0928767,-0.99240386,1
1.6126165,1.2719175,1
-0.9375418,-0.5316866,1
-1.0122368,0.22222412,1
-0.66607976,-0.9859504,1
1.9518477,0.39543775,1
-1.9199442,0.46280637,1
0.88874495,0.16270307,1
-0.12822312,0.32642424,1
0.9892851,-0.6277573,1
-0.19135904,-0.7754498,1
0.25621498,0.7468655,1
0.81389004,-1.0437356,1
-1.356526,-0.42255354,1
2.6185353,0.9766928,1
0.9858147,-0.5740429,1
0.037801296,-0.067713484,1
-0.2754461,1.5658523,1
-0.5623212,-0.06060119,1
0.95145226,0.70398235,1
0.31954175,0.30018523,1
0.54518425,-0.60738844,1
1.3662015,0.8622296,1
-0.8021687,0.17093655,1
0.9432288,-1.0276438,1
-0.30938035,-0.005877942,1
1.200226,-1.3975396,1
-0.23408386,-0.4603586,1
-1.2393782,-0.39007998,1
1.0073344,0.47594774,1
-0.80573523,-0.7862998,1
-1.8549682,0.445383,1
-1.8684036,0.04503888,1
-0.48441803,-1.317958,1
-0.6425401,0.10220879,1
-1.0059502,-0.78596735,1
0.13681254,-0.98882705,1
0.7501243,-1.7501402,1
0.3501725,0.806926,1
-1.7178739,1.36917,1
0.043110296,-1.1178162,1
0.54121137,0.1415133,1
1.8897711,-1.5604017,1
0.40551776,-2.3705707,1
-0.04191612,0.5019295,1
-0.8602152,-0.5899051,1
1.1905118,1.8992407,1
0.011337303,0.04072161,1
-0.20170212,-0.03129007,1
1.3210094,0.9737927,1
0.6284593,-0.6438006,1
1.2929211,-2.1485276,1
0.26811156,1.8094356,1
-0.8063245,-0.13914508,1
-0.77649295,-0.38072717,1
-0.12076512,0.1805875,1
0.006641522,-0.27631766,1
-0.74810326,-0.6072575,1
-0.6836486,-3.1236656,1
0.3119989,0.04892896,1
-0.34520286,0.55072445,1
0.90629625,-0.48483324,1
-1.0030863,-1.2849123,1
-0.8245466,-0.761278,1
0.061450243,1.014321,1
0.15445065,0.023432598,1
-0.33889946,-0.98831165,1
0.7135323,-0.50616115,1
-0.6914287,0.30435827,1
0.5321852,-1.0680796,1
-0.4909081,0.10950516,1
0.7431082,-0.73896134,1
0.7231096,-0.5126703,1
0.4359534,-0.24526396,1
-0.8131441,0.21010326,1
-1.7542157,0.6273664,1
0.47112837,0.9150041,1
1.3357496,-1.7006134,1
0.04680367,0.8933465,1
-0.6297182,0.5788626,1
-0.68901145,0.9479155,1
1.8337383,-0.24687594,1
-0.39162475,0.71301025,1
1.3496279,0.17385817,1
-0.22231892,1.5560722,1
-0.37011468,-1.6386906,1
-1.6474017,-1.2022702,1
1.3424538,-1.804093,1
0.5456169,-0.84058416,1
1.3264364,-0.15803997,1
0.87113565,1.5233045,1
-0.22665605,-1.8861533,1
-0.18503729,-0.15267116,1
-0.17288968,-0.79621714,1
1.0389937,0.3621657,1
0.97051203,-0.33815718,1
0.62916344,1.1587785,1
-1.8539363,0.69585484,1
-1.1213899,-2.4338708,1
-0.061435606,1.3887997,1
0.24515697,-2.2934232,1
-1.1688784,1.4309148,1
-0.710235,-0.60436434,1
0.6717051,2.1426883,1
1.0149431,1.5892751,1
-0.7781255,0.45126903,1
0.26061112,-0.40237796,1
0.9675574,-0.9194314,1
-2.0079231,-2.600511,1
-3.0943274,-2.0217066,1
2.6654944,0.575685,1
0.069861874,0.87236154,1
0.18470109,0.5285454,1
-0.8377553,0.622903,1
-1.7118099,-0.35424998,1
0.8244951,1.9305675,1
2.7176325,-0.97941583,1
-0.7069515,0.025315091,1
-0.12557632,-0.047130816,1
-0.63194793,-1.3195913,1
-0.06936285,-0.34101975,1
-1.1092141,-0.33486837,1
-1.2581028,-1.1911442,1
1.4727283,-0.41525412,1
0.40579122,-0.62196803,1
-1.6059198,0.5127203,1
-0.55373317,1.4325122,1
-0.6304838,-1.0935514,1
0.019198067,-0.44110215,1
1.6764791,0.65413547,1
-0.65039635,-0.32891876,1
-0.505496,0.5013226,1
-0.17759836,-1.0349087,1
-0.00063700974,-1.9582081,1
0.36334747,-1.0879617,1
0.03959556,-1.3350681,1
-0.94087726,-0.7651684,1
2.1213415,0.38811582,1
0.3621698,-0.6418594,1
-0.9122133,-1.4982936,1
1.0405744,0.17899512,1
0.6907102,0.11161071,1
0.4098274,0.103817135,1
-1.4887465,-0.0071306378,1
0.88078815,-0.39990285,1
1.9288127,0.8864161,1
-0.81849253,-0.8802275,1
0.42324075,0.4187034,1
0.14778282,-1.6735052,1
-1.4677368,-0.69800246,1
0.64868975,1.7608835,1
0.24057877,-1.7803304,1
-1.1737972,-1.0136955,1
0.32823303,-0.6294178,1
1.2292224,0.040129423,1
0.26920924,1.9776877,1
0.9514989,-1.902221,1
0.22228557,-0.2332299,1
-1.8979383,1.4484614,1
-0.23475441,-0.07639746,1
1.538404,-1.8037047,1
-1.4481521,-0.07774214,1
0.15883353,0.43605784,1
0.6059974,0.37396365,1
-0.9393157,-1.047602,1
-1.2145288,-0.028854564,1
-0.8619296,-0.3868367,1
0.45397642,-0.08764553,1
0.34991014,0.21471971,1
1.4451556,-1.3508656,1
1.5886265,-0.29374838,1
0.97011656,-0.6218722,1
-1.1013603,-0.08542825,1
0.65814894,0.7645272,1
0.6904986,0.29334483,1
-1.4129738,0.65682787,1
0.41937548,-0.69306904,1
-1.054946,0.33326614,1
-0.14023514,-0.6713303,1
-0.46253315,-1.6083221,1
0.38318792,-0.56629246,1
1.6502839,-1.0196776,1
0.90593886,-0.97415304,1
-0.88812584,-0.027687535,1
-1.6890643,-1.7910186,1
0.32238767,0.3368011,1
0.4590458,0.5972489,1
0.32545117,-0.41100636,1
0.9965301,0.40354955,1
0.096508555,0.8271774,1
-0.15337825,-1.0819788,1
-0.59516054,0.8003652,1
-1.3965473,-0.3200181,1
-0.01470416,-1.1271014,1
1.6515012,-1.240956,1
-0.6443601,1.5164938,1
1.1052297,-1.0262678,1
1.1422743,2.144517,1
1.436749,0.0031608343,1
0.24294566,-0.1881377,1
-1.778984,-0.18842176,1
0.8994368,-0.7252081,1
0.9484373,-0.50570655,1
-0.072230816,-0.87677944,1
-0.07977677,1.0606536,1
-0.019048631,-0.5584593,1
0.3765962,0.046424627,1
-0.7388911,-0.7773599,1
-1.1291616,-0.22373605,1
1.901667,-0.9115085,1
-0.07303432,-0.22856726,1
1.4046106,-0.24009362,1
0.8016083,-0.58713585,1
1.1513134,-0.5983036,1
-0.24142641,1.2317065,1
1.3689044,1.5709176,1
0.63352734,-0.07203702,1
1.0555762,-0.7131289,1
0.22692212,-0.42070833,1
-0.68927264,1.9102111,1
-2.1093001,0.35045677,1
-0.32871488,1.079237,1
-1.0461804,-0.024815671,1
-0.4178193,-0.09748386,1
1.419543,1.8524368,1
-0.0065225586,-0.119126454,1
0.96412194,0.3134339,1
3.2075608,-0.7441173,1
-1.5013433,-0.24415508,1
-0.16007876,-0.6267847,1
0.9930629,1.0038675,1
-1.2766656,0.8738059,1
0.14202237,-0.64563847,1
0.43107432,-0.16907066,1
-1.1613716,0.85852206,1
-0.8554304,0.017523393,1
-0.32691342,-2.27742,1
-1.0623034,0.8591349,1
-0.10541098,-0.21883976,1
-1.2218322,-0.013105214,1
-0.3652398,0.48011664,1
-1.4806058,-0.078582056,1
1.2176056,0.16405018,1
0.06999053,-0.75121295,1
-0.3559239,1.665019,1
-0.18283844,-0.9963283,1
-0.08429517,0.35102057,1
-0.643569,-1.0688455,1
-0.042054668,-0.8250733,1
0.09791116,-2.1031601,1
-0.51002276,-0.8624465,1
-0.39824075,-1.0449016,1
0.84382415,0.27140296,1
0.18023024,-0.07881843,1
-0.18593997,-0.43623966,1
0.17943166,-0.78551686,1
0.4438699,-1.038986,1
0.07321472,-2.75847,1
0.45517886,1.7520888,1
2.418541,0.8806901,1
0.34452727,0.7629883,1
-1.9732996,-0.03437917,1
-1.2188962,0.023166612,1
-0.3340646,0.8897158,1
-0.27740854,-0.1881892,1
-1.7555945,0.37419835,1
-0.4200071,-1.4279064,1
-0.3242314,1.012068,1
-1.5038561,-1.6493578,1
0.85041124,-0.4594562,1
1.8974094,-0.72479534,1
0.08396554,0.04727882,1
0.7697251,-0.32616118,1
1.1874112,0.18276784,1
-0.3727184,0.6180012,1
-0.5401477,0.13744208,1
0.13217244,-0.36103004,1
-0.27678725,0.3878013,1
0.15322705,-0.18197094,1
0.05474034,-2.6283474,1
-1.3145907,-0.37579283,1
-1.652379,-0.28129268,1
0.50706214,-0.68907297,1
-1.407026,-1.1039532,1
1.3047956,0.81478035,1
0.4294668,-1.0198078,1
-0.10517882,0.28332442,1
0.9286786,0.51233804,1
-1.6444492,-1.1658608,1
0.32330984,1.8285272,1
-1.8606547,-0.8123852,1
-0.72141784,1.0030965,1
-0.3810503,-0.5060029,1
1.2749999,-1.1834204,1
0.5465618,-0.6080065,1
-0.386375,-0.7448944,1
1.5937986,-0.88209486,1
0.28750306,-1.0286859,1
-0.42183602,0.931005,1
0.29142442,-1.1388919,1
-0.85046285,-0.36127084,1
-0.35342818,0.0403547,1
-0.7305267,-0.5772843,1
0.572973,-0.32753006,1
0.87151724,-0.86454535,1
0.022560768,-1.6551789,1
-0.3674029,-0.57123655,1
-0.14092049,-2.4059694,1
-2.0090172,2.4780722,1
1.2406453,-0.18599144,1
1.3820876,0.07748583,1
0.5735962,-0.070667416,1
0.49245563,1.1210659,1
0.21758409,-0.21825184,1
-0.22459215,-1.325855,1
-0.3623353,1.4930391,1
0.35255027,-0.41878122,1
-0.41551453,0.16272321,1
0.44099268,1.3189158,1
-1.6614757,2.0130782,1
1.6062701,-0.37538153,1
0.78349143,-0.5039994,1
0.006198682,0.8940828,1
1.6349473,-1.4573964,1
0.34028214,-1.8947911,1
1.0049658,0.48850068,1
0.4447531,-1.2050273,1
-0.2512921,-0.89190173,1
0.56273836,0.9727875,1
-0.8263229,0.03617406,1
-0.14243923,-0.9830354,1
-1.1255181,0.6326825,1
0.65237045,1.1780176,1
-0.5163322,0.8025879,1
0.58524346,0.38213968,1
-0.08897333,0.09317973,1
0.56974185,-1.8139918,1
0.06671129,-0.56798077,1
0.7982022,-0.09278962,1
-0.50979865,0.95052254,1
0.6158773,-0.37656623,1
-0.8040147,-0.43866563,1
-0.09741966,1.0536656,1
-1.3223104,-0.51089036,1
-0.5421808,-0.23284572,1
1.3291382,0.41035932,1
1.051382,0.72524697,1
1.888569,-1.3716968,1
1.8153661,-0.31670606,1
1.2318832,0.71306014,1
-0.275211,0.31849813,1
-1.5944945,1.2661123,1
0.6857771,1.63463,1
1.1049086,0.14997387,1
1.2082425,1.5356257,1
-1.3412559,0.44473732,1
-1.5368663,-1.1280684,1
-1.0342785,0.90005094,1
-0.47675288,-0.8435499,1
0.7278866,0.65491724,1
-0.20533192,0.471013,1
0.45805457,-0.97212255,1
0.59050024,-1.2798566,1
0.6581192,-1.6631763,1
-0.9510748,-0.32259107,1
1.6036769,-0.9140648,1
0.07360946,-1.0869844,1
-1.3545312,-0.39798218,1
0.25078034,1.2165186,1
-0.80318785,-0.010574922,1
0.18893981,0.5739951,1
-0.96147054,-0.95020384,1
0.34837684,1.0086716,1
0.68360794,-1.2901164,1
-0.773472,0.51951414,1
-0.3278113,-0.11183321,1
-0.93201816,-1.2887834,1
-1.1612788,-0.17964587,1
-2.5578618,-1.1696752,1
-0.4024549,-1.125583,1
1.5120057,-1.2689945,1
-0.07551528,0.025176927,1
0.70416075,-0.31495154,1
1.6581422,-1.1981626,1
0.48777038,0.6224688,1
0.53760266,-0.913792,1
-0.28445798,-0.58483684,1
-0.38209748,0.5165608,1
-0.620727,0.22842798,1
-0.31865302,0.6418036,1
-0.77429515,0.25529173,1
1.1823431,-1.8815211,1
0.43297416,-0.5164032,1
0.48454335,-0.8725265,1
-2.1652036,-0.73842335,1
-0.33566615,1.3021256,1
0.028323174,-0.8068293,1
1.2016556,0.95951563,1
-1.4499887,-1.6739107,1
0.45039877,0.96328735,1
-0.46376473,0.07098198,1
1.0043395,-0.059072524,1
1.2797223,0.4224228,1
-0.09305691,-1.2254543,1
-0.898468,-2.8145978,1
0.1672759,0.6285691,1
0.59509015,-0.56843245,1
-1.9557887,0.77464014,1
0.27746993,-0.38914037,1
-0.43675077,-0.3205672,1
1.4228204,-1.494116,1
1.0092617,-0.8289858,1
-1.7169211,-1.2638456,1
-1.3716085,-2.2723017,1
-0.6652265,-0.2201174,1
-1.6538101,0.32126445,1
0.1310102,-0.560064,1
0.8120246,0.90192485,1
-0.41729328,0.7696182,1
0.15753421,0.31403524,1
-0.52068406,1.8238873,1
0.5039139,1.0591768,1
0.15184751,-0.056304544,1
-0.49303022,-0.5503313,1
0.6086272,-1.2370899,1
1.4240353,1.1452883,1
-0.14513162,0.014503375,1
-0.4757279,2.0500667,1
-0.5170879,-0.13390557,1
-0.18024784,0.69870245,1
-0.5223052,-1.0985055,1
0.3699125,-0.45821506,1
0.594894,-1.2411183,1
0.93606794,-0.64213455,1
0.8098794,-0.4150827,1
2.688462,0.44858485,1
1.0369868,1.1414433,1
0.8946875,0.8496548,1
0.22148749,0.66285014,1
-0.5786778,-1.4008876,1
-1.0046915,-1.8617604,1
-1.4844322,-1.1298366,1
0.2927721,-0.2933602,1
-1.3038639,-0.40728045,1
-0.88138914,-0.19718803,1
-0.3816833,-2.721626,1
-0.92470735,-1.3509504,1
0.6473733,0.98463655,1
1.9372041,-0.12922923,1
-0.6071538,-0.29671067,1
0.87614733,-0.1798934,1
-0.33268037,-0.13885793,1
0.35951704,-0.80014336,1
0.4713278,2.1858566,1
-2.2404668,0.3439559,1
0.5527371,-0.52546275,1
0.5546154,-1.0828717,1
-0.045959346,0.7972734,1
2.3653007,-1.4799873,1
-0.23324555,0.4023309,1
-0.5732561,-0.09639831,1
-0.3279521,0.94591177,1
-1.4231564,0.45303717,1
1.5241793,0.7250394,1
-0.37345642,1.1730156,1
1.2866595,-0.064669035,1
1.2004379,-1.001661,1
1.4162863,0.2979186,1
-0.40010926,0.75784236,1
-0.7060352,-0.41066468,1
0.98155534,0.95291054,1
-0.097141095,1.5266445,1
0.042120203,0.583385,1
-0.6609979,1.4628079,1
0.65120333,-0.15298317,1
-1.2491317,0.22581281,1
-2.0998743,-0.754664,1
0.5257171,-1.3048985,1
-0.61383754,0.60588837,1
0.7299916,1.6808522,1
0.000808008,0.556126,1
-0.055930857,-0.48551643,1
0.37590742,-0.27849483,1
0.21744616,-2.391852,1
-0.55939543,-0.6621731,1
-0.48127335,-0.055759713,1
-0.36710247,-0.56876284,1
-0.24271587,-1.1710404,1
-1.0520451,-0.8057718,1
1.7797813,1.0445452,1
0.12719283,-1.5483103,1
0.5753728,0.15750054,1
0.45966485,-0.061963633,1
1.4446708,-1.1674279,1
0.8676309,-1.3543077,1
-0.9870517,1.4106939,1
1.1659772,-1.3660915,1
-0.5326768,-0.545697,1
0.0010179728,1.140821,1
-0.5940136,1.8344443,1
-1.3181828,-0.7269809,1
1.6333779,0.21675926,1
0.94658077,-1.5523349,1
1.7040051,-0.70461774,1
0.66683894,-0.97843385,1
-0.22050789,-0.92175525,1
0.14170888,-0.31744376,1
-0.31156847,1.8419584,1
1.5710711,1.8610097,1
-1.0494407,-0.53889215,1
-0.7988441,1.1140636,1
-0.71361184,-1.160228,1
-1.9987806,-1.1881522,1
0.6780238,0.3523769,1
1.1437402,0.77824205,1
-0.75685245,0.7558969,1
-0.0012574941,-0.3422888,1
-2.132621,0.122873634,1
0.02799084,-1.3645414,1
0.044008985,-0.35537052,1
1.655883,0.86462355,1
0.28986597,-0.41442594,1
-0.527312,-0.6754256,1
0.89845914,-0.14431928,1
0.76535064,0.1828453,1
-0.28566802,-0.6398989,1
-1.9493688,-1.2384363,1
-1.847728,0.13385117,1
-0.8786071,0.89594007,1
0.4571568,1.2295023,1
1.5415568,0.29321086,1
-0.6985941,-0.0024052411,1
-1.0919214,-0.6571535,1
0.81536096,0.08268155,1
0.07190575,-1.6528715,1
0.18295634,2.0678058,1
1.0856205,-1.6131372,1
0.830125,-0.8864493,1
0.61350036,-0.4360054,1
-0.035385735,0.45483115,1
-0.73335993,-0.2160162,1
-0.15117748,0.45295733,1
-1.6234269,-1.0959415,1
-0.58668935,0.36413258,1
-0.022097051,0.34478575,1
-1.8875692,-0.8889695,1
-1.6982468,-0.13509679,1
-0.9241576,0.20628117,1
-0.95124793,-1.5084478,1
-1.7722391,0.524171,1
-0.10730815,-1.6636326,1
0.2834331,-0.27197,1
-1.3529783,-0.9200786,1
-0.0011279881,0.69283074,1
-0.20672591,1.6948767,1
-1.9904166,1.4712592,1
0.14090234,0.28928834,1
-0.8071656,0.4127708,1
-0.4495439,-2.9917223,1
-0.16129431,1.1876972,1
0.998343,0.58842087,1
0.5486266,1.1063107,1
-1.4707279,-0.9498482,1
-1.457984,-0.36765915,1
-0.6755624,0.10311292,1
0.44954503,-1.851813,1
0.45148513,-0.16630074,1
-1.4668045,0.24879414,1
-0.9658779,1.3434248,1
2.4761977,-0.3953616,1
-1.6793073,0.93102777,1
1.5575784,-2.305327,1
-1.1183772,0.34603998,1
-1.8646522,0.58712745,1
0.14559478,0.35904247,1
-2.5395944,0.760345,1
0.008315481,-0.59694517,1
-0.9435906,-0.00588502,1
-0.4499883,0.06065172,1
1.8218032,-0.1652535,1
0.21174097,-0.015008733,1
0.707122,0.45664227,1
-1.0053319,-2.7792583,1
-0.28246522,0.581776,1
-0.6858016,-0.9655985,1
-1.1452918,1.2592083,1
0.3135682,-0.41752064,1
1.1427568,1.1428055,1
0.53054607,-0.2691245,1
-1.2014728,-0.33789748,1
0.9721502,0.24325015,1
0.29365718,-0.31819528,1
-1.195376,0.21334144,1
-0.30036372,-0.05784425,1
-0.4238408,-0.18647458,1
1.2568735,-0.45783293,1
0.019582555,-0.35013694,1
0.930399,-1.3121762,1
-0.3298193,0.1683102,1
-0.07941617,1.2741077,1
-0.47797567,0.62735283,1
0.9228671,-0.43151906,1
-0.5140537,1.074153,1
0.49592566,-2.9905627,1
0.538544,0.36742723,1
-0.5738405,-1.1455842,1
1.1805172,0.46391523,1
-0.43337098,-0.7299898,1
0.090681225,1.1061088,1
-0.5915582,-0.2702115,1
-0.029817075,0.10713129,1
1.4048246,1.6871854,1
1.1118855,-0.4243744,1
0.9140738,-0.9020728,1
-0.57564133,-1.0820127,1
0.5669065,0.32654977,1
-0.29414943,-1.5195342,1
-0.62220764,1.2059964,1
0.16215791,-0.16495128,1
-1.7233455,1.3629093,1
-0.18003047,0.98007494,1
0.074824266,-0.80110866,1
-0.67915547,0.8635967,1
-0.45431566,-0.5948167,1
0.3057127,0.069802806,1
-0.5026274,0.15729044,1
-0.1772277,0.2772455,1
1.6909399,1.1679022,1
0.31755376,0.19413716,1
0.4807567,-0.66042185,1
0.17106634,0.7533176,1
-0.78040683,0.056218326,1
-0.6619891,-0.2838918,1
0.68825215,0.33322376,1
0.6187435,0.07397865,1
0.25430423,0.27941006,1
-0.047815055,-0.2823494,1
-1.2972347,0.7647268,1
-0.7920189,-0.30941474,1
0.98404413,0.52701837,1
-0.9470717,-0.29005042,1
0.85222423,0.37760755,1
0.43163934,-0.34656236,1
0.63052195,-0.3706864,1
-0.9769804,1.4625301,1
-0.43260646,-1.4910834,1
-1.2523973,0.06305617,1
0.15712363,0.75823873,1
-0.4926222,-0.7951009,1
-1.7069751,0.28449985,1
-1.1496649,-2.0359807,1
1.2444351,0.17522484,1
-0.16117063,-0.9159275,1
0.30036294,0.38845307,1
2.4310892,0.5577194,1
0.23881255,0.21815638,1
0.22942358,-0.20367914,1
-0.24540244,-0.4396454,1
0.7882105,0.3062315,1
-1.917394,2.2880447,1
0.3339265,-1.3899724,1
-1.70448,-0.8907727,1
-0.822023,0.89121556,1
1.9440057,-1.0858634,1
2.021593,-0.4887388,1
-0.3144793,0.45713198,1
1.3070316,0.5137826,1
0.51150864,-0.43451738,1
0.78075534,1.9400764,1
1.7380335,-1.7980049,1
0.040913247,1.1851257,1
-0.56186604,-0.14273916,1
-0.30214304,0.56504655,1
1.1762233,0.34497803,1
0.49094573,-0.020417407,1
0.86711705,0.67030644,1
0.26262558,-2.2421663,1
-0.90967643,1.0886446,1
-0.470711,-0.2141372,1
-1.0085576,0.5056407,1
0.91715705,-1.2192595,1
-1.5174365,1.6672728,1
-0.9315143,1.6560289,1
-0.2150797,0.63188976,1
0.7348483,0.21164519,1
-1.6220835,0.21769685,1
0.31379294,0.43057868,1
2.104189,1.1071231,1
-0.06561787,0.20834896,1
-0.015887618,-0.37269205,1
0.94010633,-0.7395661,1
-0.09802948,0.6819418,1
-0.72978705,-0.3164562,1
-0.53119063,0.054711208,1
-1.2846153,0.3453681,1
0.98739,-1.2622544,1
0.66885096,-0.52395463,1
-0.27035958,1.13434,1
-0.96411216,0.94051576,1
-0.7347051,-0.77843374,1
-0.71927917,-0.2563074,1
1.2828149,0.15878966,1
-2.2880323,-0.8775618,1
1.1654943,-0.23627967,1
0.9471986,0.43418798,1
-0.2570235,-0.7863618,1
-0.517987,0.53710645,1
-0.60714906,-0.9856287,1
-0.17754422,-1.0234307,1
0.07194896,-0.32856888,1
-1.3644676,0.5228462,1
-0.92786765,0.48569447,1
-0.04129942,-1.5255235,1
1.6102077,-0.44741124,1
0.23103319,-1.2994403,1
0.40419328,1.1257915,1
0.70334345,-0.7087397,1
1.4832376,0.92805564,1
0.13795185,-0.53167444,1
0.13686898,0.6176462,1
-0.16490899,-2.069983,1
-0.2906009,-0.049088433,1
0.05434192,0.4344796,1
-0.91313916,0.6220993,1
-0.3301234,-0.12606475,1
1.7080094,-2.3625407,1
-0.95921963,-0.31857282,1
-1.8404483,-0.3430392,1
0.041231208,1.7337271,1
0.2386893,-1.0388101,1
0.80923843,-0.07498374,1
-0.6341099,-0.61680996,1
-1.3654233,-0.60914016,1
-0.0031093135,0.076970145,1
0.280939,0.8882134,1
-0.10878626,-2.547206,1
0.55695045,-0.79223967,1
0.6717579,-0.46586192,1
-0.12818372,0.2555771,1
-0.3448877,1.8750151,1
0.38695264,-0.7349443,1
2.025426,0.5607009,1
-1.4629253,-0.29378894,1
-1.076294,-0.16198437,1
-0.39176095,-0.05574251,1
-2.3921857,-0.43632546,1
1.2702439,0.06398901,1
-0.21963798,-1.106199,1
0.27892423,-0.64894944,1
-0.2611967,-1.5675265,1
-0.32317743,0.9389002,1
-0.8078486,-1.3491336,1
-0.00083759427,-0.66994977,1
0.6484711,-1.1058054,1
0.7850809,1.0836008,1
-1.1483123,-0.09674883,1
-1.2135456,0.85282576,1
-0.61297774,0.25497228,1
-0.25997806,2.233979,1
-0.38595703,0.35005507,1
0.41614074,-0.5608126,1
0.10878824,-1.2390132,1
-1.7151587,-0.4847397,1
0.74500567,-0.9614388,1
0.92171407,-1.2437322,1
0.55517584,1.0958381,1
0.24022594,-0.07123294,1
-0.42962283,0.11802295,1
-0.5648148,0.37531438,1
-0.82080764,0.5159029,1
-0.77981895,0.45953822,1
0.6567844,-0.42363495,1
0.78770125,0.20556499,1
0.4166438,-0.21561062,1
-0.6508225,1.1863911,1
-1.0693195,0.9151339,1
0.40214,-1.4781773,1
0.20527074,-1.3170284,1
-0.29563683,-0.39364696,1
0.986479,0.36893055,1
1.0588444,-0.006976694,1
0.36418122,-0.017975792,1
-1.4824787,-0.40209717,1
0.0044300184,0.46070346,1
-0.6598492,1.0331362,1
-0.085363664,-0.07923016,1
-0.7101146,1.166078,1
0.09204931,-0.19012173,1
-2.1576672,-0.9241137,1
0.92577606,-1.6455704,1
1.3758084,-0.46118665,1
1.6508458,-0.8380412,1
0.6121905,1.8868924,1
-0.54435015,1.1358643,1
-1.4807705,-1.0916338,1
-0.31405503,0.42308742,1
0.2817788,2.1235576,1
-1.7764492,0.7265877,1
2.2021508,0.09889652,1
-2.6739714,-0.49702933,1
0.16236092,0.42437258,1
-0.8296085,0.32268432,1
-0.1416774,0.9120567,1
-0.31148922,-0.2934539,1
-0.19245525,0.39082062,1
-0.2191272,0.69342566,1
0.0034505278,0.16884124,1
-0.38874483,-1.881979,1
0.29404885,-0.37977862,1
-2.4215238,-0.11889451,1
-0.22250171,1.5474509,1
0.3916645,-0.75408137,1
-0.094497345,0.4473883,1
-0.3943887,0.33409506,1
-0.267918,1.4500502,1
-1.3608536,-0.021145232,1
1.172094,-0.9405023,1
-0.30720752,1.3118625,1
0.7176016,0.28010407,1
0.34908354,-1.6071532,1
0.47162747,-0.06987783,1
-0.5339249,0.56946373,1
0.75444233,0.18126832,1
0.7642219,-0.11573273,1
0.44715452,-1.3826714,1
1.4673827,-0.41877058,1
-0.86503243,-0.51553303,1
-0.18340197,0.5482198,1
-0.8722078,0.81138736,1
-0.3878227,0.06678513,1
0.4011527,0.0057318658,1
0.17659456,-0.68956965,1
0.86950713,-3.8885746,1
-1.4803729,0.16019228,1
0.13090406,-1.0930849,1
-0.85824615,0.58676636,1
-0.19894817,-0.26455233,1
-0.01491829,0.8612089,1
-0.52193844,0.7831214,1
1.2591939,3.3638203,1
2.1236541,0.26274443,1
0.78633237,-0.33980197,1
0.82333124,1.5087368,1
-0.65541226,0.81042135,1
-0.9210472,-0.088288635,1
-0.8423929,-0.5758391,1
1.0987935,-0.2098603,1
0.01046329,-0.6442025,1
-0.36757195,-0.5949646,1
-0.7128355,-1.1352594,1
-2.5679827,-0.3652268,1
-0.23705111,-0.31960917,1
-1.5509844,-0.54393876,1
0.500823,-0.16560778,1
0.521609,-0.6320558,1
0.37289238,-1.9186889,1
-0.2551089,0.2718802,1
0.20392068,1.5986676,1
-0.5355078,0.021001488,1
0.6194285,-0.96336615,1
-0.47346982,-0.94354326,1
0.78067344,-1.0271511,1
0.017420232,-0.7682686,1
0.21258308,-1.2701836,1
-1.1411253,1.6736327,1
-0.072246656,-0.43832323,1
0.39174792,-0.20018098,1
0.21146414,1.0030525,1
0.4497153,1.5708786,1
-0.76012564,0.11292146,1
-0.15053193,0.1318458,1
-0.5957047,0.16733967,1
0.8075811,0.28603125,1
0.13938196,-1.2212527,1
-0.17765614,-0.17309591,1
0.72246885,-0.4874668,1
0.8070818,-2.0276728,1
-0.4671302,0.20035353,1
-1.1403273,-0.5804322,1
-0.26510078,-1.768872,1
-1.3999648,-0.29027247,1
-0.01977551,1.3702884,1
-1.2833374,-0.54749006,1
-0.38361204,0.65846115,1
0.20149662,-1.4087291,1
0.9670142,0.17091429,1
-0.3598736,0.52214944,1
1.2807438,-1.0090427,1
-0.46468148,0.3135084,1
-0.56922853,0.03444037,1
-0.45487028,-0.66896373,1
1.4900666,0.89670134,1
-0.5770415,-0.25292125,1
0.39051965,0.44026083,1
-1.3193893,-1.1648643,1
-0.008705527,-2.151751,1
-0.59627485,0.3488346,1
0.024911612,-0.153356,1
0.15431091,-0.6676363,1
2.049706,-0.7294073,1
0.7472345,0.8671355,1
-0.63140285,-0.41561106,1
-0.25625783,0.6940018,1
-1.8925338,-0.46377808,1
-2.7133663,0.034327418,1
1.1696181,-0.6172495,1
-0.1825606,-1.9024377,1
0.9839233,0.45124424,1
-1.3469378,-0.54540455,1
1.1237491,-0.2888742,1
-0.43894887,-0.41721815,1
1.3975735,1.610761,1
2.5805025,-0.69500655,1
-0.043110993,0.41395736,1
0.32914847,1.6582747,1
-0.8375452,0.8571742,1
1.481207,0.39736333,1
0.5261636,-0.31374115,1
-1.7633843,0.03825578,1
-0.29027143,0.61596084,1
1.1645875,-1.2042068,1
0.3545914,1.1933286,1
2.3457484,-0.24641627,1
1.8545643,0.2440218,1
0.5716174,1.0044972,1
0.3106348,-1.4323488,1
-1.1593256,0.9711832,1
-0.1425456,-0.39428195,1
-1.8672549,-0.064090915,1
1.205985,0.665241,1
-2.5923533,-0.65935767,1
-0.6666498,-0.3945964,1
1.9153678,-1.2318659,1
-1.2505401,1.3000152,1
0.118710175,-0.30682638,1
2.6099827,1.5474612,1
0.014240466,0.56153876,1
-1.1837914,-1.2565999,1
-0.73749775,-1.8255749,1
-1.637172,-2.2668636,1
0.54112875,-1.5205085,1
0.87619305,0.46939164,1
-1.3910178,0.5654117,1
0.65853596,0.6122711,1
-0.60620546,-0.6274767,1
0.15871058,-0.21105558,1
-1.739914,-1.5236591,1
1.3070762,-0.7399567,1
-0.15998235,0.5373528,1
-0.03339083,1.6145498,1
-0.27033883,-1.6653459,1
-1.5656711,0.54713255,1
0.8311329,-1.0915838,1
0.7120316,-0.32265353,1
-0.27034605,1.1148274,1
-0.24114504,0.13034329,1
0.9878181,0.7768525,1
0.00993228,-0.0542003,1
-0.37546393,-1.0878811,1
0.10766782,0.6985825,1
-1.2627857,0.57839143,1
1.5983877,-1.1406728,1
-0.57969284,0.8982993,1
-0.8581238,0.6121273,1
0.3751808,-0.08485988,1
-1.4052639,-0.5828515,1
0.5452735,-1.0013633,1
0.57854956,-3.1759665,1
-0.74920547,0.21397635,1
-0.5265051,1.0106628,1
0.57986337,-0.26872367,1
0.56738245,1.1285204,1
-0.1558584,1.874573,1
2.1134064,1.0517664,1
-0.027501106,1.037544,1
-0.94789946,-0.9868504,1
0.5253595,0.5428316,1
0.9313708,-0.32928646,1
0.7440157,0.38020903,1
-0.24396633,0.11961742,1
-0.35687342,-0.7126442,1
-1.0227592,-1.4916134,1
0.704143,-0.3795677,1
0.6158416,-0.6660283,1
-0.6836326,-0.49282444,1
1.2590785,-0.8717835,1
-0.6840652,0.3393622,1
-0.82583296,-0.5871374,1
-0.42979765,0.64625096,1
-1.0694033,-1.5113258,1
0.67714125,-0.5091723,1
-1.7215986,0.53675914,1
0.9859762,0.26859275,1
0.043285325,-0.64868164,1
-0.19238555,0.121796325,1
0.17583756,-1.0285628,1
-0.74096364,0.44434938,1
0.16592121,-0.6227943,1
-0.058712255,0.7593446,1
0.7714543,-1.0247068,1
-0.70242906,0.91411465,1
-0.5402092,-0.20698905,1
1.4750024,1.3318161,1
-2.1511497,-0.03477128,1
1.7611443,-1.9258136,1
-0.46795267,-0.24272785,1
-1.7916689,-0.20006923,1
0.19628116,0.014847413,1
-0.39870256,-0.35779583,1
1.1606758,0.6051426,1
-1.1170633,-2.071592,1
0.40116805,-0.7462138,1
-0.087888904,0.46610993,1
0.7145201,0.2340256,1
-1.4282539,1.3613808,1
-0.69651324,-1.1958838,1
0.30816424,-0.22744064,1
-0.8873173,-0.40651688,1
-0.0034821704,-0.42969728,1
-0.14205292,-1.619395,1
-0.51004106,0.36154845,1
-2.177602,1.031002,1
-1.1112986,-0.63137376,1
0.44925106,-0.5572335,1
-0.045373484,0.4429704,1
0.27268225,-0.46299857,1
1.5427874,2.4893177,1
-0.76166147,0.83209026,1
0.15677816,-0.7892145,1
-0.48975256,-0.89707494,1
0.6626844,-0.28414273,1
0.45965475,-0.46361613,1
-0.15518835,-0.5779643,1
-0.7582743,-1.843946,1
0.016294405,-0.07319094,1
0.17789644,0.18049933,1
0.28909874,1.2394545,1
0.23030432,0.5744543,1
0.7504139,1.0337995,1
-0.09471397,0.84055716,1
0.7097223,0.20202714,1
0.80554515,-0.6838442,1
0.2286573,0.048734203,1
-1.2974148,0.39210892,1
-1.2913854,-1.4292138,1
-0.34719872,2.2496037,1
-0.20701835,-0.4563869,1
0.009455338,-1.2481918,1
-3.603397,-0.22665101,1
1.0841025,-0.5680406,1
0.027688488,-0.50345296,1
0.1990011,-0.31390715,1
0.4218929,-0.16453028,1
0.8283298,0.2473515,1
0.80344504,0.72908354,1
-0.3917635,-0.38236034,1
-0.66230786,-1.7565072,1
-0.64948094,-0.74777466,1
2.066007,0.67070806,1
-1.0185893,-0.90176713,1
1.2200792,-2.179508,1
0.67480886,-2.414955,1
-0.52055544,0.8573259,1
1.7395271,-0.09190111,1
1.2200903,-0.3837848,1
0.16628921,-0.2892795,1
-0.7833505,-1.4802148,1
-0.5679741,0.4897657,1
-0.7750629,0.7453779,1
-0.2708226,-2.2963328,1
-0.9118085,0.011989027,1
1.9902227,0.88212186,1
-0.7576188,-0.6127987,1
-0.5822249,-0.8745538,1
0.49561903,-0.5374263,1
-0.89878654,0.9440849,1
-0.7568825,0.13878834,1
-1.569757,-0.6003447,1
-0.53519624,0.46808046,1
-0.99595433,-0.82056725,1
2.016073,0.75823104,1
0.025327489,-0.11217795,1
-0.07152016,0.91322845,1
-0.1923294,-0.31973967,1
0.7072183,-0.15650882,1
0.6889319,1.8248711,1
-0.6982925,-0.5469836,1
-0.6639622,-1.3676444,1
-0.53294945,1.0859294,1
1.0813999,-0.25163636,1
-0.90187424,0.8091258,1
-0.9986641,0.113105804,1
1.121424,0.5514935,1
0.11062953,1.1703254,1
-0.47808182,-0.32307768,1
-1.6243925,-0.8751476,1
1.6787372,0.81397057,1
-0.70511717,-0.71504265,1
-0.036350835,0.9867147,1
-0.12200619,-1.4454578,1
1.3996679,1.280216,1
1.0766385,1.4376973,1
1.0452497,-2.8081608,1
0.24783331,-0.6262075,1
0.01358591,0.4131653,1
-0.5044588,2.8650286,1
0.28259808,-0.04686991,1
-0.15606967,0.018676937,1
0.140388,0.089056075,1
-1.1749667,-0.5976119,1
-0.75372505,0.1555869,1
0.9392124,-1.7238177,1
-0.95870644,-0.2736892,1
0.19673349,-1.1952198,1
1.3347644,-0.23137674,1
-1.0400666,-1.2742826,1
0.82955277,0.7146848,1
0.476493,-0.5553297,1
0.06399593,1.3268052,1
-0.082534194,-0.19620655,1
-0.2645105,0.11596662,1
0.10484974,0.7450818,1
0.13713288,1.0389271,1
0.16411199,-0.3268667,1
0.80534875,1.285724,1
0.60232365,1.4328042,1
-0.032352503,-1.0992336,1
-2.6812997,-1.2026626,1
0.081466526,0.9169463,1
0.3137842,-0.23292094,1
-0.02882991,-1.2057638,1
1.1626321,-0.71558464,1
0.3782785,0.076943785,1
0.16795297,-1.1124513,1
-0.031036548,2.0005794,1
-0.41836694,-1.0234382,1
-0.49133024,-2.45175,1
-0.48436242,-1.2999157,1
-1.0126467,-0.72369224,1
-1.7489111,0.3781386,1
0.27671212,-0.86473954,1
0.93629277,-0.6792898,1
0.035502873,0.13662894,1
0.35967788,-0.81946945,1
-0.109535165,0.11494461,1
0.16672093,0.5999527,1
0.70248705,0.8358479,1
-1.1392553,0.87742794,1
0.38714942,0.018535927,1
-0.8286206,1.7577096,1
-2.0835202,0.8356079,1
0.55371445,-0.7372188,1
-2.2162333,1.0756041,1
-0.56804293,0.5271384,1
-1.1766746,-1.1507105,1
0.32165554,-0.5756088,1
1.0079167,-1.218107,1
0.8716936,0.10051483,1
0.8168391,0.53526235,1
-0.3323292,-0.46538454,1
-0.3695628,-0.638294,1
-0.30375832,-0.36309034,1
0.36753,-0.39762563,1
0.65027165,0.85776174,1
0.33411765,-0.8942318,1
1.5913973,-1.0601285,1
-0.14773153,-1.0275594,1
0.9180128,0.22691137,1
1.2827078,-0.17083722,1
-0.9922856,-1.7370852,1
-1.3945997,1.1456902,1
-1.8244852,1.4077334,1
0.938306,-1.4774709,1
0.66823936,-1.0179482,1
-1.1332464,-0.13697754,1
-3.2379675,-1.036244,1
2.2588866,-1.4593079,1
0.14601709,-0.83512235,1
-0.24408594,-1.5895078,1
-1.4363956,0.24381626,1
0.02981878,-0.8731051,1
-0.1458391,-0.2025906,1
0.10960384,-0.55716854,1
-0.3200899,0.44226515,1
0.46272996,-0.050977953,1
-1.8155227,0.24008086,1
-1.7189685,0.8099044,1
-0.9490165,-1.6284218,1
0.74904484,1.0398462,1
0.4313901,-1.6515062,1
-1.6778762,-0.12429934,1
0.20861724,-0.56756335,1
-1.319528,-1.3281827,1
-0.22645238,0.012899369,1
0.35580987,-0.21825084,1
0.6047267,0.7911461,1
0.5260546,-0.640638,1
0.65896064,-0.16664232,1
2.108315,0.25701687,1
-0.25115666,-1.7128094,1
0.68442327,0.23756373,1
1.437622,-0.6072478,1
1.0419486,-0.088001,1
0.773456,-0.79962784,1
-1.7261716,0.0584583,1
-0.39346746,-1.2697347,1
-1.7733768,-0.8486199,1
1.1671354,-0.24716772,1
0.75647616,-1.1333505,1
-0.8558566,0.42635554,1
-0.888449,0.7711979,1
-0.91725117,1.0135489,1
-0.37007406,-0.9012544,1
-1.518531,-0.54366505,1
-0.5252867,0.060895056,1
0.18894456,-1.0486355,1
0.8554347,-0.315847,1
0.93479663,1.4001163,1
-1.0734138,-0.7097715,1
-0.2743623,-1.3791888,1
-0.40109634,1.1399186,1
0.4448896,0.42310458,1
0.43014765,-0.80050874,1
0.043447435,-2.8648782,1
0.9862531,-0.018420361,1
-1.0977604,-0.31117636,1
-0.711297,0.2618338,1
0.59284335,0.15428653,1
-1.7842356,-1.0703449,1
-0.8808278,-0.92449176,1
-0.7171456,2.4729896,1
-0.38126808,0.06523983,1
-0.70535135,-0.45720115,1
0.373455,-0.6951816,1
-0.37614447,-1.6386659,1
0.74334025,1.1384058,1
-0.1819227,-0.5492463,1
-1.4257824,0.96345645,1
0.64219695,-0.196996,1
-1.4072975,-0.07517053,1
-0.009023339,-0.5966935,1
-1.8764473,1.2396908,1
-1.111628,0.19110283,1
1.2840389,0.7054428,1
-1.7889327,-1.0236739,1
-0.21767172,0.44824,1
-0.9991232,-1.8574538,1
0.8951714,-0.34161097,1
-1.0570703,0.94905806,1
-1.0917255,-0.016682982,1
-1.9518801,-1.2863537,1
-0.93937707,0.92539805,1
-0.96494734,-0.30311632,1
0.039583154,0.45610246,1
-0.6405174,0.038296998,1
0.27409077,0.8714678,1
0.86328423,1.5212374,1
0.13357423,0.0625359,1
-0.053045247,0.12433508,1
0.56921875,-0.8935323,1
-1.9141971,-0.4861893,1
0.3674622,-1.7311797,1
0.38862467,0.85036516,1
-0.3701032,-0.9695753,1
-0.84089535,-0.29379565,1
-0.22113776,-0.9451548,1
-0.51666343,0.24471775,1
0.2163507,0.2965712,1
-0.19823796,2.003171,1
0.80320275,-1.3845623,1
2.396805,-0.5118414,1
-0.38659194,1.7006737,1
-0.35397923,-0.20925245,1
0.9539395,-1.7156646,1
0.31212825,0.7072458,1
-1.0796615,-2.0601387,1
0.7723429,-0.15380608,1
0.30929926,0.8032615,1
0.1716408,0.9349008,1
-0.0038339794,0.08604738,1
0.33535248,-0.015022099,1
-1.0909874,-1.2428284,1
-0.5033262,0.58659816,1
1.6966256,-0.79880404,1
0.146796,-0.30928296,1
2.2162447,0.565086,1
1.2606981,0.031574532,1
-0.6809908,-0.25988403,1
-1.3372533,0.18758787,1
-0.9925935,0.11923489,1
1.1247813,-0.7065676,1
-0.3475867,-1.3895189,1
-0.75694764,0.48789114,1
1.0359114,1.7268455,1
0.3639371,-0.49283805,1
-1.3798516,2.0311153,1
0.91896284,1.1753969,1
0.82656324,-0.7069397,1
-2.0043056,0.07534137,1
1.252774,-0.43804932,1
-0.3726369,-0.37742308,1
-1.1697531,-0.0131839365,1
1.1164324,-2.483934,1
0.34120998,-0.5840017,1
1.0839007,-0.7914475,1
-0.2942053,-0.8573143,1
-0.9514798,0.28081167,1
1.0573128,-0.14021969,1
-0.94713354,0.048990875,1
0.28076988,-1.2254262,1
-0.5280392,0.3573038,1
-0.569934,0.09532569,1
1.7622691,-2.296013,1
-0.57115394,-0.082873195,1
-0.2418018,0.37020567,1
1.0969924,1.8788725,1
-0.57068336,-0.004112616,1
0.30606097,0.897143,1
2.6896234,-0.45568177,1
0.29827207,-0.42006385,1
-2.354152,0.09634936,1
-0.61121905,0.30297256,1
-1.0949001,0.7965238,1
-1.2208339,0.42933887,1
-0.087156415,0.22363141,1
1.0819823,-0.3614446,1
-0.5310471,-1.6443479,1
0.4308405,-1.1143153,1
-0.1925762,-0.8755278,1
-0.114573374,-0.88801616,1
-0.35755914,-1.2843055,1
0.60154426,-0.34291488,1
-1.1177367,-0.067513734,1
0.48727557,1.0950396,1
0.5356225,0.0070569813,1
0.4932441,0.51576734,1
0.84586424,0.159816,1
2.0970798,1.0206188,1
0.510345,-0.81641924,1
-2.1294703,0.9370486,1
-1.9929664,-0.115111165,1
-0.30171862,-1.6604227,1
-1.6502886,-0.3142802,1
0.29217416,-0.16406748,1
0.64009017,0.19708538,1
-0.64363325,-0.13755114,1
0.38331485,-0.06264907,1
1.7301762,-0.14288889,1
-0.7640678,-1.7295372,1
0.9199889,-0.61154723,1
-0.9839357,2.0995815,1
-0.49520794,-0.17967145,1
0.53158337,0.07688534,1
-0.6544916,-0.44451106,1
0.27361313,0.31173217,1
0.48392388,-1.8293138,1
0.22279996,-0.031870462,1
-2.5512996,-2.0975094,1
-1.1577395,0.021882206,1
-1.1050067,0.5155215,1
-0.9557353,-1.6519592,1
0.8289375,-2.052745,1
-0.7210388,-0.66794395,1
0.382811,1.2566228,1
-2.0941508,-0.112144105,1
-0.8898945,-1.1325173,1
0.8481047,-0.51294565,1
-3.015924,-0.21003866,1
1.7211912,1.9608458,1
0.008250564,0.17065111,1
-1.5664666,0.5781814,1
-1.5265627,-0.2126107,1
-0.69571257,1.2785974,1
0.3462127,-1.6732395,1
-0.94043654,-1.4797835,1
0.04733655,-0.8950697,1
0.37457928,0.04145126,1
0.4217019,1.6748569,1
-0.06887476,-0.19317532,1
-0.4907294,-1.6771784,1
0.11802775,0.6789378,1
-1.420934,0.07237269,1
0.14485618,0.013745338,1
-0.94744265,1.9733943,1
0.38477138,-1.249967,1
-0.095593154,-1.5743777,1
-1.8653982,1.2079742,1
0.5437905,-1.6099786,1
-0.8993592,-0.3605851,1
0.9229679,0.6596896,1
-0.024356134,0.20362768,1
1.3604143,1.4508822,1
1.2866687,1.3798729,1
-0.9007453,0.918068,1
-0.13931212,0.33367315,1
0.78143173,0.79860914,1
-0.555905,-0.44993094,1
0.8154105,1.5792512,1
0.028750502,-1.7870156,1
1.5364075,0.54884523,1
0.05400923,-2.5995893,1
-1.5683731,2.5293474,1
-2.3234696,0.08999404,1
0.34510523,-1.7820196,1
0.71405876,0.7187185,1
-1.535887,-1.6888847,1
0.042681336,-0.27052423,1
-0.060398377,-0.66897273,1
-1.8822602,0.31092697,1
-0.6418462,0.25255877,1
-0.91607946,-1.283842,1
-0.067088075,-0.8117683,1
-1.4639084,0.9918748,1
-0.5491883,-1.0405915,1
-1.3982916,-0.048015714,1
1.3019944,-0.50198114,1
-0.27046776,-0.9771874,1
-0.72690433,1.2669055,1
1.5765641,-1.0826939,1
-0.4090094,-0.5740218,1
-2.0715947,1.0665339,1
-1.6988821,-1.3050848,1
-1.524899,-1.3602396,1
-0.6494146,-1.0404155,1
1.1866558,-0.68167555,1
-1.0695094,0.6872573,1
-0.67952305,-0.6155444,1
-0.21287999,-0.04481206,1
0.4415411,0.2289502,1
0.6449188,-1.1788689,1
0.107291356,-2.9011161,1
1.0931978,-0.109530576,1
-1.0514541,-0.9640438,1
-0.6210944,0.13193993,1
-0.93326724,0.17362553,1
-0.331235,1.910278,1
-0.24081387,-1.2261935,1
0.538082,-1.1459303,1
1.4150628,-1.0181527,1
1.1929715,-1.213429,1
0.95679593,0.9903968,1
0.18888304,1.8712498,1
0.26325214,0.14518452,1
0.94548607,2.212639,1
-2.6350143,-0.5882184,1
-1.2694511,-0.9519298,1
-1.0701743,0.78527117,1
-1.2905517,-0.0072543174,1
-0.098853074,1.2080476,1
-1.5683901,0.24645159,1
-0.7157182,-1.9084985,1
-0.28073943,-1.2363675,1
2.0308008,-0.31560266,1
-1.0567838,-1.2732719,1
-0.63741696,-0.24612811,1
-1.3839782,-0.203086,1
-0.4703343,-0.67577785,1
2.2695727,0.921091,1
0.35340595,-0.22948432,1
0.41580713,1.0777407,1
-0.5055933,-1.5391425,1
0.15693662,0.3755228,1
1.2102308,-1.2626963,1
0.74288327,1.0694917,1
-1.6970112,-0.22758478,1
1.1398563,0.53740454,1
0.16080828,-0.011882946,1
1.3261784,-0.14792588,1
0.7039701,1.2639472,1
1.1526451,-0.12146904,1
2.833703,1.8294842,1
-1.6018056,-1.4459667,1
2.0041616,-0.54692143,1
-0.46496695,1.2069674,1
0.74336153,0.32586282,1
0.3431207,-0.11052796,1
-0.5115353,-0.12548555,1
-0.0833529,-0.3504029,1
1.4660481,-1.6516263,1
-0.33722645,-0.45723498,1
0.7845022,0.23336804,1
-2.5179732,1.7910173,1
0.112826675,-0.78708065,1
0.44176558,0.7328489,1
0.8829729,0.6413328,1
-1.2378958,-0.49595326,1
0.8479492,1.3965547,1
-1.7750499,0.21265475,1
0.05201263,-2.1989787,1
-1.5708833,-2.185864,1
-1.2964141,-0.66783524,1
-1.2698219,0.965928,1
0.86557144,-1.2972869,1
-0.36062366,-0.028495558,1
-0.8016175,-0.38358545,1
-0.82239556,-0.47803736,1
-1.3529558,-1.4337447,1
-1.1310261,-0.15796527,1
0.13119581,-1.6391797,1
-1.3452595,0.7086252,1
0.20464823,0.40276313,1
0.27976543,0.459574,1
1.6897961,-0.15376826,1
-0.9732028,1.7149068,1
1.1981032,0.67282224,1
-0.2890507,-1.1829723,1
-0.09207501,-1.0850298,1
-1.9576962,-0.09012249,1
0.24606715,-0.49912006,1
1.089638,-0.19244438,1
0.03290181,-0.68499804,1
0.87671787,-0.059040926,1
-0.13857727,-0.51459354,1
-0.6231374,0.44107318,1
0.43655384,0.60438675,1
-0.5180456,-0.23823571,1
-0.44154465,-0.7187074,1
-0.21545622,-0.9795419,1
0.43111223,-1.2314914,1
1.1773425,0.8197042,1
-1.3823402,-0.6553858,1
-0.8733885,0.6304187,1
0.15474933,-1.8175868,1
0.54952633,-0.7322441,1
1.0020543,0.15944248,1
-0.4829735,-0.29246327,1
0.098507136,-0.019500643,1
0.19318421,-1.4321821,1
-0.03888613,-0.7132448,1
0.38051903,-0.3486476,1
-0.07943228,0.16076005,1
-1.3444935,-0.7610535,1
-1.1116053,-0.18511623,1
-1.7554618,0.8477591,1
1.0261095,0.23999196,1
1.3957995,-0.22058654,1
-0.8239811,0.76850736,1
-0.16179743,0.53827095,1
0.83543336,0.64181066,1
0.8695285,-0.2960142,1
-0.5521191,-1.0310484,1
-0.88484246,-2.0174804,1
-1.1014228,0.031246811,1
1.0190735,-0.69173485,1
0.2294941,0.8496341,1
1.3357291,-0.6063721,1
0.95378286,-1.6703873,1
-1.7642542,-0.48973596,1
0.10438633,0.33718944,1
-0.29818836,-0.38649923,1
-1.566839,-0.25023198,1
-0.039297808,-0.15811828,1
-1.1236051,0.781579,1
0.64091736,0.89021826,1
0.15680063,-0.45704308,1
-1.718776,-1.2225811,1
-0.2135682,1.673698,1
1.4452347,-0.32327473,1
0.5827294,0.45789865,1
-0.5940564,0.83537316,1
-0.37470666,-0.798994,1
-0.669228,0.15387763,1
-0.5100247,-2.3163295,1
2.0245695,-0.3313431,1
-0.13495544,0.51418346,1
0.60246617,0.20301697,1
1.2180066,0.38195607,1
1.3690774,-0.9250469,1
-0.7797831,-1.1829574,1
-0.6370437,0.50578904,1
-0.922246,-0.21801978,1
-0.24627951,0.9745828,1
-0.3799562,0.10403608,1
-1.4035437,0.25617948,1
-0.53588116,0.50571555,1
0.08078238,0.7212355,1
1.4882674,0.2803931,1
0.08540998,-0.06769861,1
-1.6742165,-0.83074665,1
-1.436379,-0.5663077,1
0.43063062,-0.119706616,1
-0.27322006,0.18769062,1
0.5112369,0.046202153,1
-0.4761461,-0.50189936,1
-0.08091777,0.104755,1
-0.090387195,0.40469205,1
0.6243973,0.60744274,1
1.320533,2.6796541,1
0.26237208,-1.1756344,1
0.16436195,-1.2771063,1
-0.85026896,1.8943765,1
-1.236551,0.9338558,1
-1.3695128,-1.1826917,1
0.8372491,-1.245597,1
0.8556141,0.7504812,1
0.8195276,0.1493059,1
-0.3274525,-0.34697652,1
0.10369248,1.5608093,1
-0.26084197,-0.4413291,1
0.039548263,-1.0516398,1
-0.03638208,-1.6428807,1
1.1600546,-0.26003456,1
0.7794896,0.18050456,1
-1.0301299,-0.9896699,1
-0.950685,0.30897015,1
1.0027659,-1.1986619,1
-1.3890536,-1.3178248,1
1.2077565,2.0358217,1
-1.5598308,-0.24769443,1
0.07978831,0.99784625,1
-0.5686362,-0.14893532,1
-1.3627121,-1.8210546,1
-0.72013235,-0.17184195,1
-0.058975067,-0.833951,1
1.3365256,-1.2011533,1
-1.5584941,-0.42426938,1
0.5531673,-0.094638154,1
-1.2003351,-0.44794512,1
0.25629354,-0.1799888,1
0.5901451,-0.06741588,1
0.5885506,0.22728162,1
-0.048367314,-0.1611788,1
0.19233252,0.9427661,1
1.0156015,0.69018114,1
0.9434097,-0.5263251,1
-1.1165463,-0.06937459,1
0.026601978,-1.6519762,1
0.43642932,-3.1228745,1
-0.48481724,0.7832206,1
1.0486677,-0.32964176,1
-1.6494591,-0.8832004,1
1.0461795,0.9541154,1
0.19034061,-0.087746456,1
0.111974314,0.66769904,1
-1.845011,-0.90984696,1
0.047282435,-1.4904399,1
0.9736774,-0.84021705,1
0.25895765,-0.55273354,1
1.4660168,0.7160543,1
0.71721065,1.7398658,1
-0.24660587,-0.9818684,1
2.1031036,0.9392783,1
1.7488792,0.21087989,1
0.50438017,-0.45921183,1
-0.7987998,-0.33235207,1
-1.1394079,-0.4248021,1
0.16335958,-0.22624476,1
1.4647661,1.6891248,1
-0.37529245,-1.9730219,1
0.94046533,-1.3025467,1
1.0411936,0.2919011,1
-0.06727088,-0.9857095,1
-0.18920061,-0.7584114,1
-0.24200484,-1.748662,1
-1.4909594,-1.1795449,1
-0.00070699304,2.130704,1
-0.8924797,-2.2117202,1
1.236475,-1.5389084,1
1.6195395,-1.5071323,1
1.4703835,-1.5136995,1
1.2156756,0.6347406,1
1.9904242,1.760377,1
-0.18981993,-0.24376701,1
1.6021537,-0.73526263,1
1.2108476,0.97241557,1
-0.7068863,-0.28838682,1
0.06573837,1.5712851,1
-0.9308554,0.08451538,1
-0.91146845,0.13238302,1
0.10196377,-1.0976114,1
1.1354506,-0.18117511,1
0.046651386,-0.34179902,1
1.0941387,-1.0483828,1
1.2753888,-1.5835242,1
-0.35681054,-1.7218409,1
-0.49693394,-2.3767605,1
-0.49936068,0.9201838,1
1.0369195,-1.1789122,1
-3.1478906,-0.7554655,1
-1.431326,0.4284742,1
-0.97152084,-0.07662055,1
0.025134109,0.16582134,1
-1.4869982,0.19246224,1
-2.1886535,-0.66871727,1
-1.3302715,0.8479412,1
-1.1716907,1.3384216,1
0.7713735,-0.18826416,1
0.48245567,0.5374663,1
0.23063421,2.0687342,1
-1.9791508,-1.8618274,1
0.07430416,-0.43889445,1
2.3255274,-0.869722,1
0.111814156,1.1013491,1
-0.7969357,0.22830564,1
-0.16117284,0.2817821,1
0.25862274,0.14470607,1
1.2690262,-1.4798125,1
-0.8818416,0.7674541,1
1.0478688,-0.21250358,1
0.24121588,1.0465345,1
-0.66743886,-0.76707023,1
0.6608359,0.35765207,1
1.3067337,-0.57439005,1
-0.8461801,0.055692583,1
0.255192,1.1621405,1
0.21866056,-0.91669583,1
0.90657157,-0.13404742,1
-2.0077627,-0.6028315,1
1.4888489,1.5338078,1
1.2022396,-0.8719224,1
-1.3611605,-1.658854,1
-0.19492817,-0.31255877,1
-0.74949193,0.81579685,1
-0.14094743,-0.15420687,1
0.13883647,-1.0184758,1
-1.636317,-0.45032847,1
0.16753224,0.04565741,1
-1.3829575,0.32268584,1
-0.814364,-0.00754188,1
0.041830584,-0.36024433,1
-1.1618376,-2.3819427,1
0.41758853,-0.43422475,1
1.2909065,0.107975736,1
0.8196757,-0.47630474,1
-0.01731367,0.5655032,1
0.27344418,-1.237428,1
0.27076656,-0.34607998,1
2.0412965,0.28798193,1
0.86630034,-0.64538854,1
-1.2545034,-0.22694461,1
0.20832236,-0.17606223,1
1.2177846,-1.0664707,1
0.100929104,-0.41538703,1
1.6142744,0.5572269,1
-1.3898628,-0.11809809,1
0.86184394,1.4464756,1
1.3483156,-0.34802592,1
-2.3397355,-1.9403298,1
0.9315786,0.6886968,1
1.578455,-0.6938356,1
0.6685883,0.03706318,1
-0.41841123,-0.350717,1
-0.2746327,-0.74159557,1
0.9864894,1.0910194,1
-0.12067134,-0.40838814,1
-1.3997376,-0.11169401,1
-0.0705839,-0.45831162,1
-0.0390456,1.6638228,1
-0.30030292,1.0039034,1
0.17206016,0.021015704,1
-0.24881454,-2.67775,1
-0.83305097,-2.1381607,1
-0.5241652,1.3632792,1
-0.3364218,-1.7144674,1
-2.4556,0.15193537,1
-0.3737477,-0.020937681,1
-1.4846698,-0.12405772,1
-1.3571092,-1.3500056,1
-0.7999318,0.6066993,1
0.19250986,1.0263115,1
0.046567716,-1.1281109,1
-0.2108286,-0.7395375,1
-0.837677,2.6660674,1
2.3660982,0.85502636,1
1.4363208,-1.664072,1
0.74966085,-0.25352108,1
-0.804383,-0.9314132,1
0.022130847,-2.2433429,1
-0.17126964,-0.11385324,1
0.3561322,0.86847305,1
0.79338723,-1.4326192,1
-1.8073038,-2.3146956,1
-0.88709885,-0.7622871,1
2.2032127,-1.2153573,1
0.8918392,0.59054637,1
-0.09525862,-0.38198084,1
1.7555803,-0.9399293,1
-0.8497643,-0.07643035,1
0.4691003,0.27590913,1
-1.372136,-0.31520835,1
1.0120151,-1.2223147,1
0.19070135,-0.46555153,1
0.8457889,-0.6619945,1
-1.3648394,0.32018188,1
0.0653497,-1.7790494,1
-1.036548,-0.13832217,1
0.70723057,-0.305587,1
-0.91308814,0.8795106,1
0.7023494,-1.283848,1
-0.80801105,1.4701872,1
0.6278601,-0.8912398,1
-2.2381232,0.6634257,1
0.34169972,-0.46880096,1
-0.07811329,1.5331374,1
-1.2460963,0.6030225,1
0.08549236,-0.033449218,1
1.4549578,1.7234553,1
0.10905266,1.492115,1
-0.29043457,-1.0060805,1
-1.2595916,0.08357987,1
-0.9148277,-0.52150446,1
-1.2303538,0.18357462,1
0.84663546,0.622699,1
-1.0596366,-0.04178541,1
-0.9707931,0.0939945,1
0.46705383,0.45280993,1
-1.7372869,0.4565624,1
1.4314153,1.0911077,1
-1.9055209,1.5891942,1
-0.25003958,1.3176789,1
-0.2139456,1.1433785,1
-0.9575633,0.13413224,1
0.69760025,-2.426544,1
-0.30495232,0.23458485,1
0.10657841,0.032871038,1
-1.3411602,-1.1519597,1
-0.143522,-0.71498036,1
-0.720505,-1.3217715,1
0.12970349,-1.6140003,1
-1.3032326,-0.6388942,1
0.9360663,-0.71780425,1
1.0119795,-0.6628659,1
0.85433894,1.229436,1
-0.41736478,-1.0605237,1
0.008212149,1.2331103,1
-0.9932085,-1.0308765,1
0.8054666,-1.5786866,1
-0.44022766,1.6184564,1
-0.375865,-0.34735584,1
0.32012913,-0.3528121,1
-0.8848322,0.48135126,1
0.15411706,-0.6164357,1
0.15984955,1.3161057,1
0.25711006,0.27053764,1
1.70358,-0.790488,1
-0.33598438,-0.85063535,1
0.62536526,-0.5101163,1
-1.2679251,1.125985,1
-0.8790715,-0.8193003,1
-0.8101125,1.7169595,1
-0.33296904,-1.2269588,1
-0.9123275,0.38985416,1
0.55988306,1.1674588,1
1.0337232,0.03846447,1
-0.35327634,1.3891938,1
0.7920818,1.7350191,1
1.6733317,-1.9539013,1
0.49263054,-0.72684157,1
-0.38723892,-0.3142501,1
-2.476115,-0.9983182,1
1.1108147,-0.7350557,1
0.33695558,-0.10011194,1
-0.49605078,-1.0771865,1
0.9859701,-1.8581502,1
-0.7254748,-0.5914712,1
0.20413525,-0.26418558,1
0.5937893,-0.25708187,1
0.025206968,0.10074787,1
-1.8976448,2.0221093,1
-1.5991442,0.41396078,1
1.4052103,0.51432836,1
0.59821206,-0.9097749,1
0.14583877,0.65599954,1
0.6091551,-0.1567315,1
2.3187091,1.1011646,1
-1.8465377,2.2802782,1
0.3171238,-0.86071706,1
-0.44191676,0.38510096,1
0.6507481,-1.6095078,1
-0.7907108,-0.48480484,1
0.41525328,-0.29015464,1
-0.47509563,-0.5501778,1
-0.8699952,-0.56293297,1
-0.031853504,0.20067146,1
0.06338692,-0.38360327,1
-1.7102901,-0.62140405,1
0.29891,0.6881851,1
-0.3982057,-1.1024234,1
0.115723684,0.0132846385,1
0.115905255,-0.004897788,1
1.1188376,-0.36112553,1
2.3108084,0.58543456,1
0.70897424,0.27720726,1
-0.3755017,0.18600857,1
-0.8428488,0.64429545,1
-1.4366808,0.28823873,1
-0.2387557,-0.89306176,1
-0.22497165,-0.0014014691,1
1.1664414,-1.6823442,1
1.4137841,-0.5444299,1
-0.4387585,-0.50176096,1
1.199999,-1.2933263,1
0.32121304,-1.0643992,1
0.22573712,-1.7542036,1
-0.63597846,0.4784628,1
-0.045690738,-0.32943958,1
0.4050144,-0.50798136,1
-0.12976117,0.12670135,1
1.3503737,0.14296515,1
1.5776838,0.030272529,1
0.23138225,-0.81393135,1
1.7660818,-0.04244767,1
0.42945004,1.0526854,1
-0.4990375,-0.3901577,1
-0.88738924,0.5019046,1
-1.1173755,1.0093604,1
-0.28723562,1.2288371,1
-1.7072195,-0.60523164,1
0.014462195,-0.895162,1
1.8417554,0.09567295,1
-0.70574886,-0.51529205,1
-0.4270406,0.7767153,1
-0.3276134,-0.87917066,1
0.27271354,1.0151799,1
-0.95409584,0.047889516,1
-0.14230007,-0.8871109,1
0.34445992,-1.602395,1
2.4327388,-0.41508952,1
0.34735894,0.14431259,1
-1.7078623,-0.26816553,1
1.2706592,-0.37465703,1
-0.03956153,0.89235544,1
1.6447952,-1.0257235,1
-0.90396506,-0.9798225,1
2.2688985,-0.25874734,1
-0.20345601,-0.25833452,1
-1.0134485,0.55131006,1
0.07501591,-1.5238615,1
-0.85828906,0.21742806,1
1.6163609,-1.3495095,1
0.65873265,-0.75653046,1
0.20473298,-1.090955,1
-0.05267872,-0.40855068,1
1.008048,1.4699482,1
1.1601278,0.7387605,1
1.0381649,-0.5637048,1
1.4280413,-0.29799712,1
-0.048097238,-0.076222256,1
1.624702,1.4012699,1
-0.007897772,-2.3059096,1
1.2719455,-0.14415577,1
-0.33107308,-1.1312157,1
0.54122746,-0.43698978,1
0.25259632,0.14174971,1
-0.7165711,0.49170077,1
-0.45636556,-0.76792485,1
-0.14100341,-2.4740193,1
0.4063649,-0.17136934,1
0.8936152,-1.3964771,1
-0.1746301,-0.86486995,1
-0.67026305,-1.2472122,1
-1.228934,-1.9658275,1
-0.56681246,-1.7910205,1
-0.81852996,0.9835769,1
-0.32187995,0.33530086,1
0.0019280836,0.54114413,1
0.8777636,-1.4200704,1
0.23165193,-0.0610073,1
0.18066308,0.3239712,1
-0.22126034,-1.925823,1
0.02053085,1.3438982,1
-0.9052564,-0.30447158,1
-1.3344132,-0.06795727,1
0.7049372,1.4487364,1
1.3913192,-1.5032108,1
1.7485726,-1.5942278,1
-0.41579485,0.43099082,1
0.4385106,-0.40678972,1
-0.22944877,-0.33629748,1
-0.22073263,-0.9627425,1
-0.5048816,0.72382313,1
0.53551483,1.242135,1
-1.669141,0.3335992,1
-1.8800075,0.75416726,1
-0.8847084,-1.6629194,1
-1.2465878,0.61403763,1
-0.2394838,0.5456778,1
0.30034083,-1.7139052,1
0.38671708,0.9653862,1
0.5060582,-1.6312339,1
-0.12340537,-0.82127285,1
-1.0866282,-0.3542316,1
-0.5504358,0.80952215,1
-0.41723466,-2.0946794,1
0.56962633,-0.11269531,1
0.32588476,0.2021876,1
0.020820402,-1.0688132,1
-0.6465125,0.005639255,1
-0.9305956,1.3517346,1
-1.8633398,1.3984753,1
0.15541448,0.21468297,1
0.31064248,-2.1320078,1
-0.05487737,0.1669531,1
-1.139463,-0.32350963,1
0.92463934,-0.9773774,1
0.2521543,0.30227807,1
-1.0365748,-0.8112672,1
0.080838665,0.5585605,1
-0.42599413,-0.29425398,1
0.10454874,0.012484536,1
-0.12935545,-0.56637985,1
-1.3403419,0.29635334,1
0.61851925,-1.1804843,1
2.3015485,1.0778573,1
0.052626565,1.544557,1
0.55634826,-0.6718961,1
-0.95395976,0.15166914,1
0.71455884,-0.06418089,1
-0.9959813,-0.18733045,1
1.3112254,0.2839697,1
1.5398848,0.6546515,1
0.28496504,1.9328723,1
-1.1918241,-0.33507714,1
-0.49497044,0.6511625,1
0.2083394,-0.13737285,1
-0.93598187,-0.012887776,1
-0.44295713,-0.58671874,1
0.5619187,-1.2063504,1
-0.67249215,1.8973581,1
0.95004576,0.7750101,1
0.33744878,-0.6625159,1
-0.76839846,-0.15824763,1
-0.84624815,-0.17875625,1
-1.1182889,1.0520008,1
1.9618459,0.7841497,1
0.70269156,-2.502583,1
-1.2732235,1.8779818,1
0.8703742,-1.620986,1
-1.4358846,-1.7203531,1
0.6327749,-0.07219268,1
0.8379035,-1.1432191,1
-0.5444483,0.92496216,1
-0.24820074,-0.9489235,1
2.605525,-1.1399735,1
-0.8494053,1.1235161,1
-0.15370622,1.0251555,1
-1.5077299,0.25427645,1
0.1520001,-0.3848961,1
-0.44220603,-0.5252794,1
-1.0606868,1.035284,1
-0.37130296,0.8444199,1
-2.260459,1.1341075,1
0.18321869,-2.168673,1
-0.0009820908,-0.09683284,1
0.0018714592,-1.094309,1
0.8291764,0.8953565,1
0.60508144,-1.3339087,1
-1.7487262,-1.1999736,1
0.071033195,-0.25657064,1
0.3776822,0.4052497,1
0.5828991,-1.8962575,1
-1.1428573,-0.21528628,1
0.12033347,1.0067508,1
1.441843,0.48646984,1
-0.15382312,2.213271,1
-1.0296592,0.15468223,1
-0.3293258,0.16545716,1
-0.6994269,-1.3276135,1
1.9932128,-0.17933922,1
-0.61581373,-0.4987616,1
-2.1118424,1.781873,1
-1.1026106,-1.2184737,1
1.0946878,-0.41271555,1
-1.316329,0.7274026,1
-1.0152738,-0.72713965,1
0.8402721,2.0575154,1
-1.9476104,-1.310011,1
-1.0455216,-0.117501624,1
1.0981776,-1.9219456,1
1.7636241,0.010457844,1
0.10143739,1.076684,1
0.03480667,-0.5528387,1
0.66653657,-0.14724298,1
-0.34226608,0.74713844,1
-0.9181601,0.011200756,1
-1.6340338,0.08584058,1
-0.9762999,-0.28257418,1
-0.865763,0.90672034,1
-0.27317947,-0.2540343,1
0.1839987,-0.18052801,1
2.2777534,-0.8696878,1
0.9704892,1.2293352,1
-2.2395055,-1.5273647,1
-1.0548526,0.56663865,1
-0.34460756,0.34135237,1
1.557085,2.2864733,1
0.24549633,-0.4769001,1
-0.37647444,1.058311,1
-1.4718618,-0.31199443,1
-0.66652644,0.17390049,1
-0.6436631,-1.3125124,1
2.5021713,-0.9277929,1
0.2763096,-0.89628315,1
-1.1432326,0.2698148,1
-0.30574572,0.7786074,1
-1.4281865,0.6028551,1
0.59920603,-1.7704906,1
0.3914318,-1.0963681,1
0.15870684,-1.1918309,1
-0.265585,1.5036685,1
-0.6897091,0.2902878,1
0.31495854,-0.091508165,1
0.93162215,0.12917295,1
0.4056366,0.60189354,1
0.58897436,0.20072229,1
-0.37540126,0.46194798,1
0.07489383,-0.33707404,1
0.40885136,-0.17578751,1
0.27519295,-0.4780689,1
0.9564307,2.0491734,1
1.3745698,0.6704904,1
1.0585111,-2.0696623,1
2.450987,-0.20963168,1
-1.1494789,-0.16992149,1
-0.5777704,-0.5167354,1
1.3027289,-1.3133981,1
0.42870176,-1.0007601,1
0.35225213,-0.97804976,1
-1.036856,0.098299995,1
-0.6603003,-0.1905338,1
0.0582918,0.078308776,1
2.144505,2.437009,1
-0.7279953,0.31309825,1
0.56741977,-0.75353277,1
0.26071316,0.38631657,1
1.0590239,-0.59444976,1
-0.6951419,0.20104197,1
-1.5085056,-0.24158007,1
-0.23166287,-0.37100145,1
-0.67370653,-0.3162793,1
0.73964643,-0.81146234,1
-1.1499238,0.7971456,1
0.48557743,-1.4067729,1
0.39151934,-0.76986074,1
0.8784498,-0.061816797,1
0.19085401,-1.8347046,1
-1.5219549,0.3345359,1
-0.24054524,-0.26181012,1
0.11488156,-0.14158635,1
-2.0707073,0.9621832,1
0.047853157,-0.5652275,1
-0.12839927,-1.3086321,1
0.41100872,-0.9222544,1
0.5903293,0.07685256,1
-1.4567367,0.67850983,1
-0.7344213,-0.22363313,1
0.18715817,-0.8210281,1
-1.310238,-1.0370463,1
-0.8678472,-0.016161434,1
-0.20606196,-0.286236,1
0.74101853,0.37198406,1
0.46569324,-2.3160424,1
0.49271044,1.0113335,1
-2.4352021,1.9124848,1
0.4009938,-0.04692836,1
-0.6998769,-0.5882864,1
0.8944606,0.69502544,1
-0.59531486,-0.79398626,1
-0.524295,-0.6150379,1
-0.07210287,0.21571684,1
0.09613233,0.02357474,1
1.0257248,0.7479516,1
0.5889987,-0.9307717,1
-1.1386639,1.0515224,1
0.2861954,-2.1895604,1
-0.86230034,0.3314723,1
-0.53060436,-0.63808674,1
-1.5340071,0.46203023,1
1.1322962,-0.25059098,1
0.74045545,1.2735155,1
0.22726059,-1.249964,1
0.95735,-0.31131047,1
0.05286847,-1.6971089,1
0.62213403,1.4855657,1
2.0448823,0.705847,1
-0.19958465,0.8764915,1
-1.9398589,1.1594499,1
0.94106674,-0.9067702,1
-1.6525826,-0.68392175,1
0.46918836,0.7028611,1
-1.1540368,0.26745027,1
-0.8355162,-1.5280807,1
-0.7577867,-0.60784054,1
-0.25666833,0.61663663,1
-0.007738076,1.0589098,1
1.0018992,1.5131316,1
-1.0485063,0.8861129,1
-1.4179415,-1.2132719,1
2.1673267,-0.55823123,1
-1.1340806,-0.07501149,1
-1.5726744,-1.0614419,1
1.3712037,-0.48508736,1
1.0744117,-0.12753065,1
0.358031,1.021137,1
0.73902136,0.37852857,1
-1.0587482,0.69547457,1
0.3841927,0.9359309,1
0.74642205,-1.4542904,1
-0.008605637,-1.591974,1
1.5358033,-0.015476406,1
0.43010616,-0.37298822,1
-0.21056572,0.4381495,1
-0.29966608,0.79403484,1
-0.76809394,-1.0981686,1
-0.07883733,-1.7652242,1
0.21670012,1.0708865,1
0.9609333,-0.15495944,1
